2026-10-01T03:39:36.7757138Z Current runner version: '2.337.0'
2026-10-01T03:39:36.7777612Z ##[group]Runner Image Provisioner
2026-10-01T03:39:36.7778424Z Hosted Compute Agent
2026-10-01T03:39:36.7778908Z Version: 20260901.588
2026-10-01T03:39:36.7779411Z Commit: f88ec8081b781fac6c440065ac7ff9e710ce3d0b
2026-10-01T03:39:36.7780065Z Build Date: 2026-09-01T19:56:44Z
2026-10-01T03:39:36.7780612Z Worker ID: {9c753584-9864-4695-bbe5-d5ef8bc6d480}
2026-10-01T03:39:36.7781228Z Azure Region: westus
2026-10-01T03:39:36.7781706Z ##[endgroup]
2026-10-01T03:39:36.7782968Z ##[group]Operating System
2026-10-01T03:39:36.7783656Z Ubuntu
2026-10-01T03:39:36.7784120Z 24.04.5
2026-10-01T03:39:36.7784600Z LTS
2026-10-01T03:39:36.7785037Z ##[endgroup]
2026-10-01T03:39:36.7785489Z ##[group]Runner Image
2026-10-01T03:39:36.7786030Z Image: ubuntu-24.04
2026-10-01T03:39:36.7786492Z Version: 20260927.320.1
2026-10-01T03:39:36.7787599Z Included Software: https://github.com/actions/runner-images/blob/ubuntu24/20260927.320/images/ubuntu/Ubuntu2404-Readme.md
2026-10-01T03:39:36.7788860Z Image Release: https://github.com/actions/runner-images/releases/tag/ubuntu24%2F20260927.320
2026-10-01T03:39:36.7789684Z ##[endgroup]
2026-10-01T03:39:36.7790616Z ##[group]GITHUB_TOKEN Permissions
2026-10-01T03:39:36.7792343Z Contents: read
2026-10-01T03:39:36.7792830Z Metadata: read
2026-10-01T03:39:36.7793267Z ##[endgroup]
2026-10-01T03:39:36.7795109Z Secret source: Actions
2026-10-01T03:39:36.7795903Z Cache mode: write
2026-10-01T03:39:36.7796539Z Prepare workflow directory
2026-10-01T03:39:36.8051665Z Prepare all required actions
2026-10-01T03:39:36.8089096Z Getting action download info
2026-10-01T03:39:37.1448326Z Download action repository 'actions/checkout@v6' (SHA:d23441a48e516b6c34aea4fa41551a30e30af803)
2026-10-01T03:39:37.7212573Z Download action repository 'actions/upload-artifact@v4' (SHA:ea165f8d65b6e75b540449e92b4886f43607fa02)
2026-10-01T03:39:38.0451821Z Complete job name: Behavior portable serial 2
2026-10-01T03:39:38.1039616Z ##[group]Run actions/checkout@v6
2026-10-01T03:39:38.1040311Z with:
2026-10-01T03:39:38.1040653Z   fetch-depth: 0
2026-10-01T03:39:38.1041014Z   repository: mdc2122/firstmate
2026-10-01T03:39:38.1044625Z   token: ***
2026-10-01T03:39:38.1045014Z   ssh-strict: true
2026-10-01T03:39:38.1045370Z   ssh-user: git
2026-10-01T03:39:38.1045729Z   persist-credentials: true
2026-10-01T03:39:38.1046107Z   clean: true
2026-10-01T03:39:38.1046469Z   sparse-checkout-cone-mode: true
2026-10-01T03:39:38.1046876Z   fetch-tags: false
2026-10-01T03:39:38.1047223Z   show-progress: true
2026-10-01T03:39:38.1047571Z   lfs: false
2026-10-01T03:39:38.1047924Z   submodules: false
2026-10-01T03:39:38.1048290Z   set-safe-directory: true
2026-10-01T03:39:38.1048689Z   allow-unsafe-pr-checkout: false
2026-10-01T03:39:38.1049355Z ##[endgroup]
2026-10-01T03:39:38.1847548Z Syncing repository: mdc2122/firstmate
2026-10-01T03:39:38.1849510Z ##[group]Getting Git version info
2026-10-01T03:39:38.1850486Z Working directory is '/home/runner/work/firstmate/firstmate'
2026-10-01T03:39:38.1851792Z [command]/usr/bin/git version
2026-10-01T03:39:38.2018547Z git version 2.55.0
2026-10-01T03:39:38.2037031Z ##[endgroup]
2026-10-01T03:39:38.2049237Z Temporarily overriding HOME='/home/runner/work/_temp/8d69ef65-2973-4476-b1a4-4066797cce77' before making global git config changes
2026-10-01T03:39:38.2051058Z Adding repository directory to the temporary git global config as a safe directory
2026-10-01T03:39:38.2053464Z [command]/usr/bin/git config --global --add safe.directory /home/runner/work/firstmate/firstmate
2026-10-01T03:39:38.2095045Z Deleting the contents of '/home/runner/work/firstmate/firstmate'
2026-10-01T03:39:38.2098693Z ##[group]Determining repository object format
2026-10-01T03:39:38.2100652Z ##[endgroup]
2026-10-01T03:39:38.2101445Z ##[group]Initializing the repository
2026-10-01T03:39:38.2104675Z [command]/usr/bin/git init /home/runner/work/firstmate/firstmate
2026-10-01T03:39:38.2245070Z hint: Using 'master' as the name for the initial branch. This default branch name
2026-10-01T03:39:38.2248028Z hint: will change to "main" in Git 3.0. To configure the initial branch name
2026-10-01T03:39:38.2249633Z hint: to use in all of your new repositories, which will suppress this warning,
2026-10-01T03:39:38.2250648Z hint: call:
2026-10-01T03:39:38.2251175Z hint:
2026-10-01T03:39:38.2251803Z hint: 	git config --global init.defaultBranch <name>
2026-10-01T03:39:38.2252595Z hint:
2026-10-01T03:39:38.2253330Z hint: Names commonly chosen instead of 'master' are 'main', 'trunk' and
2026-10-01T03:39:38.2254704Z hint: 'development'. The just-created branch can be renamed via this command:
2026-10-01T03:39:38.2255736Z hint:
2026-10-01T03:39:38.2256335Z hint: 	git branch -m <name>
2026-10-01T03:39:38.2257036Z hint:
2026-10-01T03:39:38.2257837Z hint: Disable this message with "git config set advice.defaultBranchName false"
2026-10-01T03:39:38.2259063Z Initialized empty Git repository in /home/runner/work/firstmate/firstmate/.git/
2026-10-01T03:39:38.2261161Z [command]/usr/bin/git remote add origin https://github.com/mdc2122/firstmate
2026-10-01T03:39:38.2301133Z ##[endgroup]
2026-10-01T03:39:38.2302187Z ##[group]Disabling automatic garbage collection
2026-10-01T03:39:38.2305586Z [command]/usr/bin/git config --local gc.auto 0
2026-10-01T03:39:38.2336801Z ##[endgroup]
2026-10-01T03:39:38.2337397Z ##[group]Setting up auth
2026-10-01T03:39:38.2338090Z Removing SSH command configuration
2026-10-01T03:39:38.2345945Z [command]/usr/bin/git config --local --name-only --get-regexp core\.sshCommand
2026-10-01T03:39:38.2379279Z [command]/usr/bin/git submodule foreach --recursive sh -c "git config --local --name-only --get-regexp 'core\.sshCommand' && git config --local --unset-all 'core.sshCommand' || :"
2026-10-01T03:39:38.2665538Z Removing HTTP extra header
2026-10-01T03:39:38.2670429Z [command]/usr/bin/git config --local --name-only --get-regexp http\.https\:\/\/github\.com\/\.extraheader
2026-10-01T03:39:38.2701573Z [command]/usr/bin/git submodule foreach --recursive sh -c "git config --local --name-only --get-regexp 'http\.https\:\/\/github\.com\/\.extraheader' && git config --local --unset-all 'http.https://github.com/.extraheader' || :"
2026-10-01T03:39:38.2885562Z Removing includeIf entries pointing to credentials config files
2026-10-01T03:39:38.2890581Z [command]/usr/bin/git config --local --name-only --get-regexp ^includeIf\.gitdir:
2026-10-01T03:39:38.2920514Z [command]/usr/bin/git submodule foreach --recursive git config --local --show-origin --name-only --get-regexp remote.origin.url
2026-10-01T03:39:38.3111833Z [command]/usr/bin/git config --file /home/runner/work/_temp/git-credentials-452a44ee-da01-4928-8e3f-418ed8186fe0.config http.https://github.com/.extraheader AUTHORIZATION: basic ***
2026-10-01T03:39:38.3146182Z [command]/usr/bin/git config --local includeIf.gitdir:/home/runner/work/firstmate/firstmate/.git.path /home/runner/work/_temp/git-credentials-452a44ee-da01-4928-8e3f-418ed8186fe0.config
2026-10-01T03:39:38.3174876Z [command]/usr/bin/git config --local includeIf.gitdir:/home/runner/work/firstmate/firstmate/.git/worktrees/*.path /home/runner/work/_temp/git-credentials-452a44ee-da01-4928-8e3f-418ed8186fe0.config
2026-10-01T03:39:38.3204333Z [command]/usr/bin/git config --local includeIf.gitdir:/github/workspace/.git.path /github/runner_temp/git-credentials-452a44ee-da01-4928-8e3f-418ed8186fe0.config
2026-10-01T03:39:38.3233285Z [command]/usr/bin/git config --local includeIf.gitdir:/github/workspace/.git/worktrees/*.path /github/runner_temp/git-credentials-452a44ee-da01-4928-8e3f-418ed8186fe0.config
2026-10-01T03:39:38.3259547Z ##[endgroup]
2026-10-01T03:39:38.3260228Z ##[group]Fetching the repository
2026-10-01T03:39:38.3266450Z [command]/usr/bin/git -c protocol.version=2 fetch --no-tags --prune --no-recurse-submodules origin +refs/heads/*:refs/remotes/origin/* +refs/tags/*:refs/tags/* +3c4ca5e57a3dc72f3f4a3deb986a81930911cf37:refs/remotes/pull/21/merge
2026-10-01T03:39:40.8695584Z From https://github.com/mdc2122/firstmate
2026-10-01T03:39:40.8697426Z  * [new branch]        archive/yolo-automerge-pre-rebase-69ba8a11 -> origin/archive/yolo-automerge-pre-rebase-69ba8a11
2026-10-01T03:39:40.8698801Z  * [new branch]        feat/calm-omp-extension-20260915         -> origin/feat/calm-omp-extension-20260915
2026-10-01T03:39:40.8699631Z  * [new branch]        fix/calm-omp-typed-display               -> origin/fix/calm-omp-typed-display
2026-10-01T03:39:40.8700516Z  * [new branch]        fix/omp-bun-launcher-detection           -> origin/fix/omp-bun-launcher-detection
2026-10-01T03:39:40.8701225Z  * [new branch]        fm/afk-pi-wake-bypass-r1                 -> origin/fm/afk-pi-wake-bypass-r1
2026-10-01T03:39:40.8701908Z  * [new branch]        fm/calm-omp-global-10                    -> origin/fm/calm-omp-global-10
2026-10-01T03:39:40.8702469Z  * [new branch]        fm/calm-omp-toggle-fix                   -> origin/fm/calm-omp-toggle-fix
2026-10-01T03:39:40.8703016Z  * [new branch]        fm/ci-per-test-timeouts                  -> origin/fm/ci-per-test-timeouts
2026-10-01T03:39:40.8703729Z  * [new branch]        fm/composer-clobber-12                   -> origin/fm/composer-clobber-12
2026-10-01T03:39:40.8704580Z  * [new branch]        fm/contrib-converge-reraise              -> origin/fm/contrib-converge-reraise
2026-10-01T03:39:40.8705283Z  * [new branch]        fm/contrib-poll-retry-02                 -> origin/fm/contrib-poll-retry-02
2026-10-01T03:39:40.8706005Z  * [new branch]        fm/contributions-terminal-poll           -> origin/fm/contributions-terminal-poll
2026-10-01T03:39:40.8706761Z  * [new branch]        fm/firstmate-gate-opus-restore           -> origin/fm/firstmate-gate-opus-restore
2026-10-01T03:39:40.8707542Z  * [new branch]        fm/firstmate-pi-seat-policy              -> origin/fm/firstmate-pi-seat-policy
2026-10-01T03:39:40.8708373Z  * [new branch]        fm/fm-actionable-update-escalation-misclassification-r1 -> origin/fm/fm-actionable-update-escalation-misclassification-r1
2026-10-01T03:39:40.8709433Z  * [new branch]        fm/fm-actionable-update-escalation-misclassification-r3 -> origin/fm/fm-actionable-update-escalation-misclassification-r3
2026-10-01T03:39:40.8710185Z  * [new branch]        fm/fm-afk-pi-branch-both-postures-r1     -> origin/fm/fm-afk-pi-branch-both-postures-r1
2026-10-01T03:39:40.8769221Z  * [new branch]        fm/fm-audit-fixes-2-4                    -> origin/fm/fm-audit-fixes-2-4
2026-10-01T03:39:40.8770152Z  * [new branch]        fm/fm-branch-note-sailboat-r2            -> origin/fm/fm-branch-note-sailboat-r2
2026-10-01T03:39:40.8771189Z  * [new branch]        fm/fm-ci-lint-runner-oome                -> origin/fm/fm-ci-lint-runner-oome
2026-10-01T03:39:40.8772146Z  * [new branch]        fm/fm-composer-thin-adapter-refactor-r1  -> origin/fm/fm-composer-thin-adapter-refactor-r1
2026-10-01T03:39:40.8773123Z  * [new branch]        fm/fm-documentation-audience-cleanup-r1  -> origin/fm/fm-documentation-audience-cleanup-r1
2026-10-01T03:39:40.8774265Z  * [new branch]        fm/fm-flaky-serial-followup              -> origin/fm/fm-flaky-serial-followup
2026-10-01T03:39:40.8775108Z  * [new branch]        fm/fm-flaky-serial-shards                -> origin/fm/fm-flaky-serial-shards
2026-10-01T03:39:40.8775954Z  * [new branch]        fm/fm-herdr-contiguity-resume            -> origin/fm/fm-herdr-contiguity-resume
2026-10-01T03:39:40.8777030Z  * [new branch]        fm/fm-herdr-recovery-classifier-stale-agent-r1 -> origin/fm/fm-herdr-recovery-classifier-stale-agent-r1
2026-10-01T03:39:40.8778165Z  * [new branch]        fm/fm-needs-decision-main-only-r1        -> origin/fm/fm-needs-decision-main-only-r1
2026-10-01T03:39:40.8779165Z  * [new branch]        fm/fm-needs-decision-whole-batch-r1      -> origin/fm/fm-needs-decision-whole-batch-r1
2026-10-01T03:39:40.8780446Z  * [new branch]        fm/fm-nm-evidence-store-firstmate-r1     -> origin/fm/fm-nm-evidence-store-firstmate-r1
2026-10-01T03:39:40.8781610Z  * [new branch]        fm/fm-per-task-delivery-override-r1      -> origin/fm/fm-per-task-delivery-override-r1
2026-10-01T03:39:40.8782727Z  * [new branch]        fm/fm-public-stow-readbeforewrite-port-r1 -> origin/fm/fm-public-stow-readbeforewrite-port-r1
2026-10-01T03:39:40.8784153Z  * [new branch]        fm/fm-safe-auto-reboot-simple-r1         -> origin/fm/fm-safe-auto-reboot-simple-r1
2026-10-01T03:39:40.8784947Z  * [new branch]        fm/fm-secondmate-creation-record-intake-r1 -> origin/fm/fm-secondmate-creation-record-intake-r1
2026-10-01T03:39:40.8785669Z  * [new branch]        fm/fm-secondmate-parent-channel-structural-r1 -> origin/fm/fm-secondmate-parent-channel-structural-r1
2026-10-01T03:39:40.8786394Z  * [new branch]        fm/fm-secondmate-record-atomic-transitions-r1 -> origin/fm/fm-secondmate-record-atomic-transitions-r1
2026-10-01T03:39:40.8787060Z  * [new branch]        fm/fm-sessionstart-network-free-r1       -> origin/fm/fm-sessionstart-network-free-r1
2026-10-01T03:39:40.8787650Z  * [new branch]        fm/fm-shared-test-fixtures-r1            -> origin/fm/fm-shared-test-fixtures-r1
2026-10-01T03:39:40.8788264Z  * [new branch]        fm/fm-skill-frontmatter-desc-r1          -> origin/fm/fm-skill-frontmatter-desc-r1
2026-10-01T03:39:40.8788942Z  * [new branch]        fm/fm-supervision-pr-url-hallucination-r1 -> origin/fm/fm-supervision-pr-url-hallucination-r1
2026-10-01T03:39:40.8789624Z  * [new branch]        fm/fm-supervision-rearm-resurface-r1     -> origin/fm/fm-supervision-rearm-resurface-r1
2026-10-01T03:39:40.8790286Z  * [new branch]        fm/fm-supervision-refused-ack-loop-r1    -> origin/fm/fm-supervision-refused-ack-loop-r1
2026-10-01T03:39:40.8790985Z  * [new branch]        fm/fm-teardown-closes-captain-held-scout-r1 -> origin/fm/fm-teardown-closes-captain-held-scout-r1
2026-10-01T03:39:40.8791675Z  * [new branch]        fm/fm-teardown-slot-collision-fix-r1     -> origin/fm/fm-teardown-slot-collision-fix-r1
2026-10-01T03:39:40.8792313Z  * [new branch]        fm/fm-watcher-flap-autoarm-fix-r2        -> origin/fm/fm-watcher-flap-autoarm-fix-r2
2026-10-01T03:39:40.8793062Z  * [new branch]        fm/fm-watcher-hardening-r1               -> origin/fm/fm-watcher-hardening-r1
2026-10-01T03:39:40.8793845Z  * [new branch]        fm/fm-watcher-hardening-r2               -> origin/fm/fm-watcher-hardening-r2
2026-10-01T03:39:40.8794422Z  * [new branch]        fm/fm-watcher-hardening-r3               -> origin/fm/fm-watcher-hardening-r3
2026-10-01T03:39:40.8794966Z  * [new branch]        fm/fork-rebase-01                        -> origin/fm/fork-rebase-01
2026-10-01T03:39:40.8795606Z  * [new branch]        fm/herdr-workspace-contiguity-maintenance -> origin/fm/herdr-workspace-contiguity-maintenance
2026-10-01T03:39:40.8796290Z  * [new branch]        fm/muse-clobber-upstream-01              -> origin/fm/muse-clobber-upstream-01
2026-10-01T03:39:40.8796857Z  * [new branch]        fm/muse-never-clear-01                   -> origin/fm/muse-never-clear-01
2026-10-01T03:39:40.8797416Z  * [new branch]        fm/nm-fix-agent-model-09                 -> origin/fm/nm-fix-agent-model-09
2026-10-01T03:39:40.8798103Z  * [new branch]        fm/nm-required-exempt-release-please-r1  -> origin/fm/nm-required-exempt-release-please-r1
2026-10-01T03:39:40.8798781Z  * [new branch]        fm/omp-watch-session-generation          -> origin/fm/omp-watch-session-generation
2026-10-01T03:39:40.8799392Z  * [new branch]        fm/orca-cleanup-identity-06              -> origin/fm/orca-cleanup-identity-06
2026-10-01T03:39:40.8800051Z  * [new branch]        fm/reconcile-inactive-crew-investigate-s1 -> origin/fm/reconcile-inactive-crew-investigate-s1
2026-10-01T03:39:40.8800685Z  * [new branch]        fm/remote-omp-verify-07                  -> origin/fm/remote-omp-verify-07
2026-10-01T03:39:40.8801275Z  * [new branch]        fm/remote-omp-verify-07-forkbase         -> origin/fm/remote-omp-verify-07-forkbase
2026-10-01T03:39:40.8801939Z  * [new branch]        fm/remote-send-confirm-readback-fix-r1   -> origin/fm/remote-send-confirm-readback-fix-r1
2026-10-01T03:39:40.8802607Z  * [new branch]        fm/remote-send-delivery-delta-r1         -> origin/fm/remote-send-delivery-delta-r1
2026-10-01T03:39:40.8803279Z  * [new branch]        fm/secondmate-autonomous-supervision-s7  -> origin/fm/secondmate-autonomous-supervision-s7
2026-10-01T03:39:40.8804231Z  * [new branch]        fm/upstream-baseline-8d2ee291            -> origin/fm/upstream-baseline-8d2ee291
2026-10-01T03:39:40.8804793Z  * [new branch]        fm/upstream-sync-01                      -> origin/fm/upstream-sync-01
2026-10-01T03:39:40.8805332Z  * [new branch]        fm/watcher-arm-fix-01                    -> origin/fm/watcher-arm-fix-01
2026-10-01T03:39:40.8805952Z  * [new branch]        fm/watcher-stale-closed-terminal         -> origin/fm/watcher-stale-closed-terminal
2026-10-01T03:39:40.8806580Z  * [new branch]        fm/yolo-automerge                        -> origin/fm/yolo-automerge
2026-10-01T03:39:40.8807094Z  * [new branch]        fm/yolo-automerge-v2                     -> origin/fm/yolo-automerge-v2
2026-10-01T03:39:40.8807571Z  * [new branch]        main                                     -> origin/main
2026-10-01T03:39:40.8808051Z  * [new branch]        no-mistakes/evidence                     -> origin/no-mistakes/evidence
2026-10-01T03:39:40.8808632Z  * [new branch]        proto/herdr-child-workspaces             -> origin/proto/herdr-child-workspaces
2026-10-01T03:39:40.8809176Z  * [new ref]           3c4ca5e57a3dc72f3f4a3deb986a81930911cf37 -> pull/21/merge
2026-10-01T03:39:40.8810373Z ##[endgroup]
2026-10-01T03:39:40.8810784Z ##[group]Determining the checkout info
2026-10-01T03:39:40.8811208Z ##[endgroup]
2026-10-01T03:39:40.8811475Z [command]/usr/bin/git sparse-checkout disable
2026-10-01T03:39:40.9053220Z [command]/usr/bin/git config --local --unset-all extensions.worktreeConfig
2026-10-01T03:39:40.9081550Z ##[group]Checking out the ref
2026-10-01T03:39:40.9084514Z [command]/usr/bin/git checkout --progress --force refs/remotes/pull/21/merge
2026-10-01T03:39:40.9909405Z Note: switching to 'refs/remotes/pull/21/merge'.
2026-10-01T03:39:40.9909863Z 
2026-10-01T03:39:40.9910485Z You are in 'detached HEAD' state. You can look around, make experimental
2026-10-01T03:39:40.9911213Z changes and commit them, and you can discard any commits you make in this
2026-10-01T03:39:40.9911903Z state without impacting any branches by switching back to a branch.
2026-10-01T03:39:40.9912285Z 
2026-10-01T03:39:40.9912591Z If you want to create a new branch to retain commits you create, you may
2026-10-01T03:39:40.9913275Z do so (now or later) by using -c with the switch command. Example:
2026-10-01T03:39:40.9913811Z 
2026-10-01T03:39:40.9913990Z   git switch -c <new-branch-name>
2026-10-01T03:39:40.9914253Z 
2026-10-01T03:39:40.9914424Z Or undo this operation with:
2026-10-01T03:39:40.9914676Z 
2026-10-01T03:39:40.9914821Z   git switch -
2026-10-01T03:39:40.9915017Z 
2026-10-01T03:39:40.9915355Z Turn off this advice by setting config variable advice.detachedHead to false
2026-10-01T03:39:40.9915788Z 
2026-10-01T03:39:40.9916335Z HEAD is now at 3c4ca5e5 Merge 9a4ac89aacadb98f99d39810c634962c09c46d67 into 4cf7637bf3e284549c424af2e09bb63874c02520
2026-10-01T03:39:40.9926308Z ##[endgroup]
2026-10-01T03:39:40.9967170Z [command]/usr/bin/git log -1 --format=%H
2026-10-01T03:39:40.9992843Z 3c4ca5e57a3dc72f3f4a3deb986a81930911cf37
2026-10-01T03:39:41.0211485Z ##[group]Run set -eu
2026-10-01T03:39:41.0211796Z [36;1mset -eu[0m
2026-10-01T03:39:41.0212083Z [36;1mbin/fm-install-shellcheck.sh "$RUNNER_TEMP/bin"[0m
2026-10-01T03:39:41.0212447Z [36;1mecho "$RUNNER_TEMP/bin" >> "$GITHUB_PATH"[0m
2026-10-01T03:39:41.0414762Z shell: /usr/bin/bash -e {0}
2026-10-01T03:39:41.0415055Z ##[endgroup]
2026-10-01T03:39:41.4330142Z ShellCheck - shell script analysis tool
2026-10-01T03:39:41.4330876Z version: 0.11.0
2026-10-01T03:39:41.4331299Z license: GNU General Public License, version 3
2026-10-01T03:39:41.4331917Z website: https://www.shellcheck.net
2026-10-01T03:39:41.4414122Z ##[group]Run set -eu
2026-10-01T03:39:41.4414389Z [36;1mset -eu[0m
2026-10-01T03:39:41.4414612Z [36;1mbin/fm-install-actionlint.sh "$RUNNER_TEMP/bin"[0m
2026-10-01T03:39:41.4414901Z [36;1mecho "$RUNNER_TEMP/bin" >> "$GITHUB_PATH"[0m
2026-10-01T03:39:41.4475425Z shell: /usr/bin/bash -e {0}
2026-10-01T03:39:41.4475656Z ##[endgroup]
2026-10-01T03:39:41.7612494Z 1.7.12
2026-10-01T03:39:41.7613072Z installed by downloading from release page
2026-10-01T03:39:41.7613422Z built with go1.26.1 compiler for linux/amd64
2026-10-01T03:39:41.7675640Z ##[group]Run set -eu
2026-10-01T03:39:41.7675876Z [36;1mset -eu[0m
2026-10-01T03:39:41.7676062Z [36;1mcommand -v tmux >/dev/null || {[0m
2026-10-01T03:39:41.7676374Z [36;1m  echo "::error::tmux is required for real afk injection e2e coverage"[0m
2026-10-01T03:39:41.7676666Z [36;1m  exit 1[0m
2026-10-01T03:39:41.7676825Z [36;1m}[0m
2026-10-01T03:39:41.7676983Z [36;1mtmux -V[0m
2026-10-01T03:39:41.7737112Z shell: /usr/bin/bash -e {0}
2026-10-01T03:39:41.7737327Z ##[endgroup]
2026-10-01T03:39:41.9841792Z tmux 3.4
2026-10-01T03:39:41.9875187Z ##[group]Run set -eu
2026-10-01T03:39:41.9875411Z [36;1mset -eu[0m
2026-10-01T03:39:41.9875584Z [36;1mnpm install -g tasks-axi[0m
2026-10-01T03:39:41.9875819Z [36;1mtasks-axi --version[0m
2026-10-01T03:39:41.9931815Z shell: /usr/bin/bash -e {0}
2026-10-01T03:39:41.9932028Z ##[endgroup]
2026-10-01T03:39:44.5302670Z 
2026-10-01T03:39:44.5303240Z added 3 packages in 2s
2026-10-01T03:39:44.6637265Z 0.2.6
2026-10-01T03:39:44.6706272Z ##[group]Run set -eu
2026-10-01T03:39:44.6706535Z [36;1mset -eu[0m
2026-10-01T03:39:44.6706730Z [36;1mnpm ci --prefix .opencode/plugins[0m
2026-10-01T03:39:44.6707078Z [36;1mnpm ls --prefix .opencode/plugins --depth 0 @earendil-works/pi-coding-agent[0m
2026-10-01T03:39:44.6707668Z [36;1mecho "FM_PI_PACKAGE_DIR=$GITHUB_WORKSPACE/.opencode/plugins/node_modules/@earendil-works/pi-coding-agent" >> "$GITHUB_ENV"[0m
2026-10-01T03:39:44.6708235Z [36;1mecho "$GITHUB_WORKSPACE/.opencode/plugins/node_modules/.bin" >> "$GITHUB_PATH"[0m
2026-10-01T03:39:44.6765157Z shell: /usr/bin/bash -e {0}
2026-10-01T03:39:44.6765380Z ##[endgroup]
2026-10-01T03:39:46.5266773Z npm warn deprecated node-domexception@1.0.0: Use your platform's native DOMException instead
2026-10-01T03:39:48.7945749Z 
2026-10-01T03:39:48.7946363Z added 122 packages, and audited 123 packages in 4s
2026-10-01T03:39:48.7946700Z 
2026-10-01T03:39:48.7946844Z 9 packages are looking for funding
2026-10-01T03:39:48.7947296Z   run `npm fund` for details
2026-10-01T03:39:48.7959875Z 
2026-10-01T03:39:48.7960097Z 1 high severity vulnerability
2026-10-01T03:39:48.7960336Z 
2026-10-01T03:39:48.7960456Z To address all issues, run:
2026-10-01T03:39:48.7960755Z   npm audit fix
2026-10-01T03:39:48.7960914Z 
2026-10-01T03:39:48.7961031Z Run `npm audit` for details.
2026-10-01T03:39:49.0206573Z plugins@ /home/runner/work/firstmate/firstmate/.opencode/plugins
2026-10-01T03:39:49.0207306Z └── @earendil-works/pi-coding-agent@0.99.1
2026-10-01T03:39:49.0207477Z 
2026-10-01T03:39:49.0324290Z ##[group]Run set -eu
2026-10-01T03:39:49.0324543Z [36;1mset -eu[0m
2026-10-01T03:39:49.0324736Z [36;1mmkdir -p "$RUNNER_TEMP/fm-test"[0m
2026-10-01T03:39:49.0325059Z [36;1m# The Pi package is installed above and CI provides npm and tsc, so[0m
2026-10-01T03:39:49.0325476Z [36;1m# any missing typecheck prerequisite is a broken lane, not a valid skip.[0m
2026-10-01T03:39:49.0325828Z [36;1mbin/fm-test-run.sh --lane "$FM_SERIAL_LANE" \[0m
2026-10-01T03:39:49.0326148Z [36;1m  --per-script-timeout-secs auto --retry-infra-flakes \[0m
2026-10-01T03:39:49.0326543Z [36;1m  --fail-on-gate-skip 'Pi extension typecheck prerequisite not found' \[0m
2026-10-01T03:39:49.0327005Z [36;1m  --json "$RUNNER_TEMP/fm-test/fm-test-timing-portable-serial-${FM_SERIAL_SHARD}.json"[0m
2026-10-01T03:39:49.0383130Z shell: /usr/bin/bash -e {0}
2026-10-01T03:39:49.0383342Z env:
2026-10-01T03:39:49.0383905Z   FM_PI_PACKAGE_DIR: /home/runner/work/firstmate/firstmate/.opencode/plugins/node_modules/@earendil-works/pi-coding-agent
2026-10-01T03:39:49.0384356Z   FM_TEST_STEP_BUDGET_SECS: 2340
2026-10-01T03:39:49.0384576Z   FM_SERIAL_LANE: portable-serial-2of5
2026-10-01T03:39:49.0384786Z   FM_SERIAL_SHARD: 2
2026-10-01T03:39:49.0385207Z   FM_TEST_FAILURE_EVIDENCE_DIR: /home/runner/work/_temp/fm-test/failure-evidence
2026-10-01T03:39:49.0385517Z ##[endgroup]
2026-10-01T03:39:49.9240866Z FM_TEST_BEGIN 2026-10-01T03:39:49Z tests/fm-remote-secondmate-lifecycle-e2e.test.sh family=secondmate expected_gate_skip=none
2026-10-01T03:40:01.0476400Z provisioning phase=first exit=1
2026-10-01T03:40:01.0477262Z fatal: failed to copy file to '<fixture>/concurrent-home/.git/objects/cd/2d8393fe1b9cd80a0066fe0c4018ce41e6e167': No such file or directory
2026-10-01T03:40:01.0490984Z error: could not clone the remote Firstmate home
2026-10-01T03:40:01.0491269Z 
2026-10-01T03:40:01.0517392Z not ok - first serialized provisioning attempt failed
2026-10-01T03:40:01.4298022Z FM_TEST_END 2026-10-01T03:40:01Z tests/fm-remote-secondmate-lifecycle-e2e.test.sh exit=1 duration_ms=11502 gate_skip=false
2026-10-01T03:40:01.4487524Z FM_TEST_BEGIN 2026-10-01T03:40:01Z tests/fm-bearings-snapshot.test.sh family=snapshot-bearings expected_gate_skip=optional-binary
2026-10-01T03:40:01.8107032Z ok - task teardown during metadata capture is omitted without aborting the snapshot
2026-10-01T03:40:02.1162916Z ok - current state and decision hints share one captured status observation
2026-10-01T03:40:02.3542020Z ok - reused live state is discarded when task generation changes
2026-10-01T03:40:12.7628457Z ok - large local snapshot overlaps local reads with byte-identical serial and concurrent projections
2026-10-01T03:40:54.2986692Z ok - remote ledgers collect concurrently under one budget, reuse aged cache, and cancel wedged collectors
2026-10-01T03:40:54.7420069Z ok - a missing remote ledger stays explicitly unreadable without remote summary computation
2026-10-01T03:40:56.0338993Z ok - Domain Alpha structured state overrides a stale parent Phase 7 event
2026-10-01T03:40:56.6794528Z ok - GNU stat file reads select -c without BSD filesystem-report pollution
2026-10-01T03:40:58.0474788Z ok - parent activity evidence is bounded and disclosed
2026-10-01T03:40:59.5510761Z ok - Bearings excludes a status-only child decision
2026-10-01T03:41:00.5488876Z ok - a structured child captain hold reaches Captain's Call
2026-10-01T03:41:02.6542881Z ok - missing, invalid, unreadable, malformed, and unavailable-child homes stay explicit unknowns
2026-10-01T03:41:03.3261720Z ok - oversized ledgers stay strict unknown
2026-10-01T03:41:07.0004092Z ok - secondmate and per-home child counts are bounded, disclosed, and explicitly expandable
2026-10-01T03:41:08.1823812Z ok - parent decisions remain untrusted contradiction evidence
2026-10-01T03:41:09.7892091Z ok - parent evidence reconciliation distinguishes matching holds, blocks, and decisions
2026-10-01T03:41:11.6453040Z ok - nonprogressing child states are explicit and inconsistent terminal rows invalidate
2026-10-01T03:41:15.7549353Z ok - registry unavailability and bounded truncation remain explicit
2026-10-01T03:41:18.0804495Z ok - repeated snapshots keep the same current landed baseline and ignore prior reports
2026-10-01T03:41:21.0561579Z ok - default output is bounded, local-only, and marks omitted surfaces
2026-10-01T03:41:23.6435383Z ok - TOON and JSON are parity representations of the same model
2026-10-01T03:41:24.8499261Z ok - landed includes secondmate-managed merges alongside main-home merges
2026-10-01T03:41:33.1156863Z ok - landed accepts only kind-owned delivery artifacts while answered questions stay out
2026-10-01T03:41:35.1861206Z ok - kind fallback matches tasks-axi word boundaries and preserves scout deliveries
2026-10-01T03:41:36.1040903Z ok - kindless v1 summaries retain report artifacts from fresh and cached ledgers
2026-10-01T03:41:37.3753060Z ok - default landed selection balances one dominant home with sparse homes
2026-10-01T03:41:38.0732377Z ok - landed selection refills capacity after sparse homes exhaust
2026-10-01T03:41:40.4767537Z ok - landed selection uses deterministic home order when homes exceed the cap
2026-10-01T03:41:41.1669516Z ok - landed selection preserves deterministic home and internal tie ordering
2026-10-01T03:41:41.3585957Z ok - landed selection handles no landed items
2026-10-01T03:41:42.0500728Z ok - --all-landed keeps the complete global landed output
2026-10-01T03:41:44.5135020Z ok - landed stays bounded with per-home + overall caps and omitted[] disclosure
2026-10-01T03:41:46.3288022Z ok - Bearings keeps a live blocker in structured live state and never converts it to Charted Next queue work
2026-10-01T03:41:48.2750661Z ok - action-free items (working/done/queued/landed) do not leak into Captain's Call
2026-10-01T03:41:48.6086223Z ok - main orphan in-flight stays out of Underway and is disclosed in omitted/gates
2026-10-01T03:41:49.2135803Z ok - main unstructured current is disclosed while structured siblings still project
2026-10-01T03:41:50.0165897Z ok - counterfactual meta clears main inventory warning and projects the live task
2026-10-01T03:41:54.5735711Z ok - working captain holds retain main and secondmate bucket surfaces
2026-10-01T03:41:56.8253312Z ok - active children reach Underway independently of a home captain hold
2026-10-01T03:41:57.4126071Z ok - blank legacy summary names use their durable identifier
2026-10-01T03:41:58.0674132Z ok - newest filed gates are selected before snapshot bounds
2026-10-01T03:41:59.0123367Z ok - Underway rows carry the durable task name and gates carry their filed date
2026-10-01T03:42:18.8994172Z ok - mixed secondmate roles, partial state, and captain readiness project independently
2026-10-01T03:42:19.6813231Z ok - main and secondmate captain actionability use the same blocker readiness
2026-10-01T03:42:20.9976073Z ok - a completed scout with decision-like report prose is a pointer, not pending
2026-10-01T03:42:22.2007669Z ok - an authoritative captain hold surfaces end-to-end
2026-10-01T03:42:23.4043000Z ok - current report pointers surface
2026-10-01T03:42:25.7854975Z ok - queued body prose never hides an item from the board
2026-10-01T03:42:27.0284317Z ok - --include-prs is the only path that fetches, and it enriches correctly
2026-10-01T03:42:28.4716562Z ok - a partial GitHub failure degrades gracefully
2026-10-01T03:42:29.3297495Z ok - Perl fallback bounds stalled GitHub calls without coreutils timeout
2026-10-01T03:42:30.7535115Z ok - all fleet-sized sections are capped with counted opt-in expansion
2026-10-01T03:42:31.0819375Z ok - captain-held tasks of any kind reach Captain's Call, deferral is honored, and landed excludes answered calls
2026-10-01T03:42:32.8045914Z ok - structured hold buckets decide Captain's Call, Charted Next, and the reveal
2026-10-01T03:42:33.1188719Z ok - a blocked deferred hold stays gated when its date arrives and is revealed by --all-decisions
2026-10-01T03:42:33.4508409Z ok - revealed deferred holds display their deferral reason while live calls stay unannotated
2026-10-01T03:42:35.1035555Z ok - live PR enrichment caps repositories with counted expansion
2026-10-01T03:42:37.4222957Z ok - per-repository open-PR caps are disclosed with an expansion knob
2026-10-01T03:42:40.2114845Z ok - projection and TOON rendering failures exit nonzero with diagnostics
2026-10-01T03:42:40.3967633Z FM_TEST_END 2026-10-01T03:42:40Z tests/fm-bearings-snapshot.test.sh exit=0 duration_ms=158941 gate_skip=false
2026-10-01T03:42:40.4165613Z FM_TEST_BEGIN 2026-10-01T03:42:40Z tests/fm-inactive-reconcile.test.sh family=watcher-wake-lock expected_gate_skip=none
2026-10-01T03:42:40.7394587Z actionable: inactive terminal outcome awaiting captain presentation: child=child state=done pr=https://example.test/owner/repo/pull/1
2026-10-01T03:42:42.0368971Z ok - main direct terminal presentation has a durable receipt
2026-10-01T03:42:42.6894038Z ok - secondmate delivers a child's terminal ledger line once, on the next poll, from the ledger alone
2026-10-01T03:42:43.2791181Z ok - busy child locks do not starve later ledger outcomes
2026-10-01T03:42:44.2135553Z ok - ledger delivery carries the report pointer, the failed verb, and each new terminal line
2026-10-01T03:42:44.8094132Z ok - pr= requires the recorded PR or a ready-signal terminal line, and never a scout
2026-10-01T03:42:45.2838269Z ok - terminal lines arriving during state reads remain ledger-owned
2026-10-01T03:42:45.9752432Z ok - inactive and ledger paths reconcile one raced completion without hiding later events
2026-10-01T03:42:46.4269256Z ok - progress after an inactive fallback starts a distinct terminal event
2026-10-01T03:42:46.8717929Z ok - complete long ledger lines retain distinct receipt identities
2026-10-01T03:42:47.2392816Z ok - a ledger line still being appended waits for its newline
2026-10-01T03:42:47.8099519Z ok - the remote route carries a child's ledger line once
2026-10-01T03:42:48.3207838Z ok - report delivers a child's final line, owes nothing twice, and refuses only an unwritable channel
2026-10-01T03:42:48.5999493Z ok - report preserves teardown's metadata-before-scan lock order
2026-10-01T03:42:49.0290487Z actionable: child outcome needs parent report: child=child state=failed (missing or unreadable parent binding .fm-secondmate-parent)
2026-10-01T03:42:49.1092409Z ok - relative local parent homes fail closed
2026-10-01T03:42:49.4946972Z ok - invalid secondmate markers block routing and surface the obligation
2026-10-01T03:42:49.9729627Z ok - remote parent-replies mirror input is durable and idempotent
2026-10-01T03:42:50.5116384Z ok - reused task ids retain per-incarnation terminal receipts
2026-10-01T03:42:51.0863918Z ok - legacy metadata rewrites preserve terminal receipt identity
2026-10-01T03:42:51.9952246Z ok - relaunch cannot replace metadata during terminal snapshot
2026-10-01T03:42:52.3249155Z actionable: inactive terminal outcome awaiting captain presentation: child=child state=done pr=https://example.test/owner/repo/pull/1
2026-10-01T03:42:52.3507255Z ok - terminal reconciliation ignores heartbeat backoff state
2026-10-01T03:42:52.6216517Z actionable: inactive terminal outcome awaiting captain presentation: child=child state=done pr=https://example.test/owner/repo/pull/1
2026-10-01T03:42:52.6469520Z ok - scan marker replaces a symlink without overwriting its target
2026-10-01T03:42:53.6457530Z ok - nonterminal and captain-held workers remain outside inactive terminal reporting
2026-10-01T03:42:56.6763867Z ok - watcher hook wakes for terminal loss and preserves idle secondmate exemption
2026-10-01T03:42:57.4728829Z ok - the real watcher poll delivers a child's terminal ledger line to the parent channel
2026-10-01T03:42:59.0146655Z actionable: inactive terminal outcome awaiting captain presentation: child=b state=done pr=https://example.test/owner/repo/pull/1
2026-10-01T03:42:59.0393415Z ok - stalled state reads are bounded without starving later children
2026-10-01T03:43:01.1917873Z ok - aggregate scan budget includes durable wake operations
2026-10-01T03:43:01.5654483Z actionable: inactive terminal outcome needs parent report: child=child state=failed (missing or unreadable parent binding .fm-secondmate-parent)
2026-10-01T03:43:03.4619280Z ok - notice recovery remains idempotent across queue acknowledgement
2026-10-01T03:43:04.0498866Z ok - a secondmate home with no parent binding names the missing binding instead of failing quietly
2026-10-01T03:43:04.3174507Z actionable: inactive terminal outcome awaiting captain presentation: child=child state=done pr=https://example.test/owner/repo/pull/1
2026-10-01T03:43:04.3411841Z ok - reconciliation makes zero forge or PR API calls
2026-10-01T03:43:04.6125495Z actionable: inactive terminal outcome awaiting captain presentation: child=child state=done pr=https://example.test/owner/repo/pull/1
2026-10-01T03:43:04.6373085Z ok - reconciliation state reads set no-forge mode
2026-10-01T03:43:04.6373782Z all inactive reconciliation tests passed
2026-10-01T03:43:29.2266446Z FM_TEST_END 2026-10-01T03:43:29Z tests/fm-inactive-reconcile.test.sh exit=0 duration_ms=48793 gate_skip=false
2026-10-01T03:43:29.2501518Z FM_TEST_BEGIN 2026-10-01T03:43:29Z tests/fm-watch-arm.test.sh family=watcher-wake-lock expected_gate_skip=none
2026-10-01T03:43:33.2284753Z ok - watch-arm: an attached arm reports the wake its cycle delivered instead of a false failure
2026-10-01T03:43:41.3141697Z ok - watch-arm: a delivered wake consumed by the handling turn still closes the attached arm cleanly
2026-10-01T03:43:41.6525718Z ok - watch-arm: an unusable launch confirm window refuses to arm by name
2026-10-01T03:43:49.1278675Z ok - watch-arm: a cycle that delivered no wake of its own still fails loudly
2026-10-01T03:43:50.7704056Z /home/runner/work/firstmate/firstmate/bin/fm-watch-arm.sh: line 565: 136858 Killed                  "$WATCH" > "$child_out"
2026-10-01T03:43:52.0370305Z WAKE_ACK_REQUIRED: after handling completes run bin/fm-wake-drain.sh --ack-through 2 --recovery-generation 137496.1790826230.dn7SIy
2026-10-01T03:43:57.7502092Z ok - watch-arm: re-arm surfaces every queued wake and an open remote decision after downtime
2026-10-01T03:43:58.8786650Z ok - watch-arm: marker publication failure retains stale-lock recovery evidence
2026-10-01T03:44:00.5745359Z WAKE_ACK_REQUIRED: after handling completes run bin/fm-wake-drain.sh --ack-through 2 --recovery-generation 145705.1790826239.NvJTJY
2026-10-01T03:44:03.0683465Z WAKE_ACK_REQUIRED: after handling completes run bin/fm-wake-drain.sh --ack-through 3 --recovery-generation 147438.1790826242.9XIBMm
2026-10-01T03:44:04.7470627Z ok - watch-arm: a wake queued after handling drain is recovered once at successor arm
2026-10-01T03:44:09.8912478Z ok - watch-arm: interrupted handling leaves its wake durable for successor re-drain
2026-10-01T03:44:10.5685822Z WAKE_ACK_REQUIRED: after handling completes run bin/fm-wake-drain.sh --ack-through 0 --recovery-generation 154988.1790826250.HzbllM
2026-10-01T03:44:11.7530780Z ok - watch-arm: malformed recovery state is quarantined without a successor loop
2026-10-01T03:44:13.7498517Z WAKE_ACK_REQUIRED: after handling completes run bin/fm-wake-drain.sh --ack-through 1 --recovery-generation 157114.1790826252.ZovnIO
2026-10-01T03:44:14.5026582Z ok - watch-arm: publication after recovery handoff is surfaced
2026-10-01T03:44:15.1036969Z ok - watch-arm: restart publishes recovery before clearing a reused-pid watcher lock
2026-10-01T03:44:16.3014806Z WAKE_ACK_REQUIRED: after handling completes run bin/fm-wake-drain.sh --ack-through 7 --recovery-generation 159311.1790826255.oev3oC
2026-10-01T03:44:17.2836198Z ok - watch-arm: markerless legacy queues are adopted and recovered
2026-10-01T03:44:23.2518957Z ok - watch-arm: a watcher close during handling keeps the printed acknowledgement valid
2026-10-01T03:44:27.6702353Z ok - watch-arm: a moved recovery generation consumes handled rows and names its remedy
2026-10-01T03:44:28.5335757Z ok - watch-arm: downtime marker publication does not follow symlinks
2026-10-01T03:44:28.5882683Z FM_TEST_END 2026-10-01T03:44:28Z tests/fm-watch-arm.test.sh exit=0 duration_ms=59331 gate_skip=false
2026-10-01T03:44:28.6082538Z FM_TEST_BEGIN 2026-10-01T03:44:28Z tests/fm-secondmate-reconcile.test.sh family=secondmate expected_gate_skip=none
2026-10-01T03:44:28.7577165Z yes: standard output: Broken pipe
2026-10-01T03:44:28.7614933Z ok - reconcile requests stop oversized streams at the capture bound
2026-10-01T03:44:28.8026029Z ok - reconcile requests require exactly one snapshot document
2026-10-01T03:44:33.4609642Z ok - reconcile requests coalesce per target and retire independently after delivery
2026-10-01T03:45:07.2673041Z ok - Bearings records locally, returns before a delayed remote queue, and supervision delivers later
2026-10-01T03:45:09.1142291Z ok - a home in mismatch is asked once, and later recaps stay silent
2026-10-01T03:45:12.3629628Z ok - a mismatch outliving the cooldown earns one re-nudge, then goes quiet again
2026-10-01T03:45:18.0843389Z ok - the cooldown begins when delivery finishes
2026-10-01T03:45:21.2741166Z ok - the cooldown window is four hours
2026-10-01T03:45:25.0197084Z ok - the cooldown is per home, not fleet-wide
2026-10-01T03:45:28.1049291Z ok - the reconcile ask expects no reply and stays out of a ladder that still rings ordinary steers
2026-10-01T03:45:28.1677012Z ok - only a backlog-vs-metadata mismatch produces an ask
2026-10-01T03:45:29.9289474Z ok - the parent asks and changes nothing inside the mate's home
2026-10-01T03:45:30.0465182Z ok - a failed ask starts no cooldown, so the next run retries it
2026-10-01T03:45:30.4854760Z ok - busy reconcile lifecycle locks never block the digest or start cooldown
2026-10-01T03:45:32.1357365Z ok - simultaneous recaps still ask the mate only once
2026-10-01T03:45:33.8819839Z ok - a delayed snapshot asks for a current check instead of prescribing a stale repair
2026-10-01T03:45:34.0122771Z ok - a stale snapshot cannot ask or silence a replacement mate
2026-10-01T03:45:35.8309594Z ok - teardown retires the cooldown before a replacement can inherit it
2026-10-01T03:46:06.6310855Z ok - a legitimately markerless persistent remote secondmate is nudged once per window
2026-10-01T03:46:06.7587814Z ok - a stale remote-route snapshot cannot ask or silence a replacement mate
2026-10-01T03:46:07.0280056Z ok - a route replacement between reconcile and fm-send cannot receive a stale ask
2026-10-01T03:46:07.1541162Z ok - a row with neither a spawn generation nor a host fails loudly instead of vanishing
2026-10-01T03:46:07.2241959Z FM_TEST_END 2026-10-01T03:46:07Z tests/fm-secondmate-reconcile.test.sh exit=0 duration_ms=98608 gate_skip=false
2026-10-01T03:46:07.2445492Z FM_TEST_BEGIN 2026-10-01T03:46:07Z tests/fm-watch-recovery-loop.test.sh family=watcher-wake-lock expected_gate_skip=none
2026-10-01T03:46:09.4411111Z ok - a resurfacing handling successor stays alive and supervises instead of going blind
2026-10-01T03:47:06.0897168Z ok - unacknowledged recovery is announced at most once per generation and the successor stays alive
2026-10-01T03:47:06.1287196Z FM_TEST_END 2026-10-01T03:47:06Z tests/fm-watch-recovery-loop.test.sh exit=0 duration_ms=58877 gate_skip=false
2026-10-01T03:47:06.1502726Z FM_TEST_BEGIN 2026-10-01T03:47:06Z tests/fm-control.test.sh family=backend-dispatch expected_gate_skip=none
2026-10-01T03:47:09.9594250Z ok - fm-control exit: every verified harness gets its own verified exit command
2026-10-01T03:47:13.1172096Z ok - fm-control interrupt: every verified harness gets its own verified key and repeat count
2026-10-01T03:47:13.6374793Z ok - fm-control interrupt: opencode needs a double Escape, claude a single one
2026-10-01T03:47:13.7620746Z ok - fm-control: a harness with no verified control mechanics is refused, not guessed at
2026-10-01T03:47:13.7710964Z ok - fm-control-lib: a recorded harness resolves to its verified adapter without guessing
2026-10-01T03:47:14.3895143Z ok - fm-control: prefixed recorded harnesses reach interrupt and exit mechanics
2026-10-01T03:47:14.3897038Z ok - fm-control-lib: the backend key matrix matches each adapter's real send-key surface
2026-10-01T03:47:14.3902581Z ok - fm-control-lib: adapter capability is per task kind, not per adapter alone
2026-10-01T03:47:14.5413721Z ok - fm-control interrupt: a backend that cannot deliver the harness's key refuses instead of sending another
2026-10-01T03:47:15.0338303Z ok - fm-control: a backend that cannot prove an agent stopped refuses exit and relaunch
2026-10-01T03:47:15.0339245Z ok - fm-control-lib: stop-proving verbs are gated on the backends that really classify agent state
2026-10-01T03:47:15.1328243Z ok - fm-control: a legacy window label is refused and the exact task id is named
2026-10-01T03:47:15.2738167Z ok - fm-control: an explicit backend endpoint is never a control target
2026-10-01T03:47:15.3915352Z ok - fm-control: an unrecorded task id is refused
2026-10-01T03:47:15.5144743Z ok - fm-control: a record whose endpoint identity names another task is refused
2026-10-01T03:47:15.9039338Z ok - fm-control: a remotely placed secondmate is refused by placement, not by a metadata complaint
2026-10-01T03:47:16.2858250Z ok - fm-control: interrupt and exit lock before task-state resolution
2026-10-01T03:47:16.4405255Z ok - fm-control: the verb list is closed - no raw keys, arbitrary text, or clear verb
2026-10-01T03:47:16.5050868Z ok - fm-control: resume is refused with the determinism reason and the alternative
2026-10-01T03:47:16.5692390Z ok - fm-control: profile and note flags belong to relaunch only
2026-10-01T03:47:16.7739067Z ok - fm-control exit: an already-stopped agent is idempotent success with no bytes sent
2026-10-01T03:47:16.9197271Z ok - fm-control exit: a vanished endpoint refuses instead of silently succeeding
2026-10-01T03:47:17.0998584Z ok - fm-control interrupt: refuses when no agent is running rather than keying a shell
2026-10-01T03:47:17.2857950Z ok - fm-control exit: an endpoint whose process cannot be attributed refuses
2026-10-01T03:47:17.7562206Z ok - fm-control exit: a busy agent receives interrupt delivery before the exit command
2026-10-01T03:47:18.1416134Z ok - fm-control exit: an idle agent goes straight to its exit command
2026-10-01T03:47:18.4566692Z ok - fm-control interrupt: unconfirmed delivery preserves observed busy state
2026-10-01T03:47:19.1029128Z ok - fm-control interrupt: muse confirms cancellation from its session log
2026-10-01T03:47:19.7513853Z ok - fm-control interrupt: postconditions are revalidated after acknowledgement polling
2026-10-01T03:47:20.1624047Z ok - fm-control interrupt: muse composer holding the restored prompt is cleared
2026-10-01T03:47:20.5651673Z ok - fm-control interrupt: muse composer holding fresh input survives the interrupt path
2026-10-01T03:47:20.7679698Z ok - fm-control interrupt: an unprovable muse composer refuses rather than clearing blind
2026-10-01T03:47:21.2103250Z ok - fm-control exit: an interrupt-stopped agent satisfies the gone-state postcondition
2026-10-01T03:47:22.2261131Z ok - fm-control exit: a stubborn agent reports delivered input and an unconfirmed exit
2026-10-01T03:47:22.4772586Z ok - fm-control interrupt: grok reports delivery without claiming cancellation
2026-10-01T03:47:22.7324955Z ok - fm-control interrupt: grok's idle footer does not confirm cancellation
2026-10-01T03:47:23.1024951Z ok - fm-control: a lifecycle command to a secondmate is unmarked and opens no reply expectation
2026-10-01T03:47:23.9041661Z ok - fm-control's arrival leaves fm-send's from-firstmate marking untouched
2026-10-01T03:47:46.1927907Z FM_TEST_END 2026-10-01T03:47:46Z tests/fm-control.test.sh exit=0 duration_ms=40034 gate_skip=false
2026-10-01T03:47:46.2149470Z FM_TEST_BEGIN 2026-10-01T03:47:46Z tests/fm-remote-backlog-handoff.test.sh family=secondmate expected_gate_skip=none
2026-10-01T03:47:46.5581272Z ok - confined put rejects incomplete and superseded payload generations
2026-10-01T03:47:46.6757581Z ok - confined put rejects directory replacement without external writes
2026-10-01T03:47:49.0362451Z ok - ambiguous receipt leaves one durable outbox and no duplicate dispatchable source
2026-10-01T03:47:51.8312226Z ok - re-delivery after unknown completion converges without duplication
2026-10-01T03:47:56.0717181Z ok - dropped transfer recovery overwrites scratch and delivers exactly once
2026-10-01T03:48:02.6867784Z ok - concurrent handoffs serialize staging through confirmed cleanup
2026-10-01T03:48:08.3667855Z ok - receiver removes one proven dead stale lock and retries once
2026-10-01T03:48:12.3268620Z ok - bootstrap detects pending outbox handoffs without a journal
2026-10-01T03:48:16.1305975Z ok - remote handoff releases durable work and separately retries its receiver wake
2026-10-01T03:48:25.9834053Z ok - an escalated undelivered receiver wake stays retryable instead of jamming the outbox
2026-10-01T03:48:33.1906813Z ok - a permanently unconfirmable wake never jams later durable handoffs
2026-10-01T03:48:41.9072682Z ok - fresh remote work gets a new wake after confirmed cleanup recovery
2026-10-01T03:48:45.1705488Z ok - confirmed marker cleanup cannot fail a completed remote handoff
2026-10-01T03:48:51.7578454Z ok - delivered pending state cannot suppress a new handoff wake
2026-10-01T03:48:57.7179072Z ok - unrecordable best-effort wake state drops without blocking later handoffs
2026-10-01T03:49:00.4856771Z ok - undeletable invalid wake state cannot block remote handoffs
2026-10-01T03:49:00.9190592Z ok - route classification serializes with retirement before staging
2026-10-01T03:49:01.2027522Z ok - unconfigured bootstrap has no remote handoff behavior
2026-10-01T03:49:01.2028020Z ALL TESTS PASSED
2026-10-01T03:49:01.3655450Z FM_TEST_END 2026-10-01T03:49:01Z tests/fm-remote-backlog-handoff.test.sh exit=0 duration_ms=75143 gate_skip=false
2026-10-01T03:49:01.3869838Z FM_TEST_BEGIN 2026-10-01T03:49:01Z tests/fm-afk-inject-e2e.test.sh family=afk expected_gate_skip=none
2026-10-01T03:49:17.8463966Z ok - Scenario A: partial input defers injection; digest arrives clean after idle
2026-10-01T03:49:27.4307620Z ok - Scenario B: swallowed Enter produces exactly one clean digest
2026-10-01T03:49:35.7340290Z ok - Scenario C: a normal captain status injects exactly one clean single-line sentinel digest
2026-10-01T03:49:35.7344631Z all e2e injection tests passed
2026-10-01T03:49:35.7749280Z FM_TEST_END 2026-10-01T03:49:35Z tests/fm-afk-inject-e2e.test.sh exit=0 duration_ms=34379 gate_skip=false
2026-10-01T03:49:35.7974917Z FM_TEST_BEGIN 2026-10-01T03:49:35Z tests/fm-home-summary-refresh.test.sh family=snapshot-bearings expected_gate_skip=optional-binary
2026-10-01T03:49:37.7931912Z ok - watcher-carried status append publishes the real home summary
2026-10-01T03:49:41.6995586Z ok - large backlog snapshots and home-summary publication stay within exec limits
2026-10-01T03:49:41.8129857Z ok - fleet snapshot transport does not require or mutate operational state
2026-10-01T03:49:43.0011241Z ok - parent snapshot consumes large child ledgers without argument transport
2026-10-01T03:49:44.7466014Z ok - live watcher cadence bounds publication staleness without signals
2026-10-01T03:49:45.4686170Z ok - fleet snapshot consumes the published local ledger by default
2026-10-01T03:49:47.6554302Z ok - writer kill and replacement preserve an atomic JSON ledger
2026-10-01T03:49:47.7687793Z ok - best-effort publication logs and continues
2026-10-01T03:49:48.8327452Z Terminated
2026-10-01T03:49:49.8696234Z Terminated
2026-10-01T03:49:49.8977698Z ok - best-effort refresh bounds publication lock acquisition
2026-10-01T03:49:50.9119781Z Terminated
2026-10-01T03:49:50.9410946Z ok - best-effort refresh bounds validation and publication
2026-10-01T03:49:53.9666841Z ok - best-effort refresh bounds state initialization
2026-10-01T03:49:54.0089333Z ok - best-effort refresh logs worker termination
2026-10-01T03:49:56.3043661Z ok - best-effort refresh bounds failure reporting fallback
2026-10-01T03:49:56.6754659Z ok - valid publication ignores an unavailable failure record
2026-10-01T03:49:58.4321200Z ok - publication completes on a home carrying accumulated status history
2026-10-01T03:49:58.5962971Z ok - producer skips remote per-task state probes
2026-10-01T03:50:01.7285285Z ok - a stalled publication does not delay the watcher liveness beacon
2026-10-01T03:50:07.8137014Z ok - publication remains single-flight across watcher restart
2026-10-01T03:50:08.7155540Z ok - bootstrap scopes retained failures to the current publication
2026-10-01T03:50:10.8129293Z Terminated
2026-10-01T03:50:11.3703874Z ok - failure records preserve refresh attempt ordering
2026-10-01T03:50:11.9247448Z ok - repeated publication failure is reported at session start until it clears
2026-10-01T03:50:11.9761114Z FM_TEST_END 2026-10-01T03:50:11Z tests/fm-home-summary-refresh.test.sh exit=0 duration_ms=36172 gate_skip=false
2026-10-01T03:50:11.9977755Z FM_TEST_BEGIN 2026-10-01T03:50:11Z tests/fm-bearings-board-lavish-live-e2e.test.sh family=live-harness-optin expected_gate_skip=live-capability
2026-10-01T03:50:12.0555256Z skip: live: lavish-axi absent
2026-10-01T03:50:12.0906693Z fm-test-run: gate skip: tests/fm-bearings-board-lavish-live-e2e.test.sh: live: lavish-axi absent
2026-10-01T03:50:12.0907679Z FM_TEST_END 2026-10-01T03:50:12Z tests/fm-bearings-board-lavish-live-e2e.test.sh exit=0 duration_ms=81 gate_skip=true
2026-10-01T03:50:12.1112537Z FM_TEST_BEGIN 2026-10-01T03:50:12Z tests/fm-ci-workflow.test.sh family=unclassified expected_gate_skip=none
2026-10-01T03:50:14.5955987Z ok - a newer push to one PR supersedes that PR's in-flight CI
2026-10-01T03:50:14.7270019Z ok - distinct PRs get distinct concurrency groups
2026-10-01T03:50:14.8576409Z ok - every main push keeps its own group and is never cancelled
2026-10-01T03:50:14.9204870Z ok - every ci.yml job carries a finite timeout
2026-10-01T03:50:15.1709466Z ok - the incident's unbounded jobs keep their recommended caps
2026-10-01T03:50:15.4887250Z ok - the already-measured lane bounds are unchanged
2026-10-01T03:50:15.5185021Z FM_TEST_END 2026-10-01T03:50:15Z tests/fm-ci-workflow.test.sh exit=0 duration_ms=3399 gate_skip=false
2026-10-01T03:50:15.5390792Z FM_TEST_BEGIN 2026-10-01T03:50:15Z tests/fm-harness-precedence.test.sh family=pure-contract-unit expected_gate_skip=none
2026-10-01T03:50:16.6267523Z ok - a markerless harness keeps its identity under an inherited foreign marker
2026-10-01T03:50:16.8516687Z ok - a harness that publishes a marker inside its own process tree is unchanged
2026-10-01T03:50:17.1500405Z ok - with ancestry silent, the marker layer and its cursor-first ordering still decide
2026-10-01T03:50:17.2363306Z ok - a retained cursor marker does not rename a nested claude worker
2026-10-01T03:50:17.4481369Z ok - an agreeing marker keeps Pi's finer identity that ancestry cannot prove
2026-10-01T03:50:17.5736825Z ok - an interpreter script-path match answers alone but never outranks a marker
2026-10-01T03:50:17.7177493Z ok - a native harness binary under an interpreter shim decides at comm strength
2026-10-01T03:50:17.8168639Z ok - a harness that is pid 1 of its own namespace is examined, not skipped
2026-10-01T03:50:18.0366785Z ok - the descent probe reaches comm strength where the top-of-session probe sees only args
2026-10-01T03:50:18.3093134Z ok - the descent probe reports no verdict from a sibling branch detection cannot reach
2026-10-01T03:50:18.5502154Z ok - a foreign args-only verdict at the deepest vantage leaves the comm-strength identity intact
2026-10-01T03:50:19.0084581Z ok - equal-depth descent ties prefer the comm-strength leaf regardless of spawn order
2026-10-01T03:50:19.1902185Z ok - session start renders the Codex protocol for a Codex primary holding a retained CLAUDECODE
2026-10-01T03:50:19.2273873Z FM_TEST_END 2026-10-01T03:50:19Z tests/fm-harness-precedence.test.sh exit=0 duration_ms=3680 gate_skip=false
2026-10-01T03:50:19.2485717Z FM_TEST_BEGIN 2026-10-01T03:50:19Z tests/fm-omp-calm-install.test.sh family=unclassified expected_gate_skip=none
2026-10-01T03:50:19.3080993Z skip: live: omp absent
2026-10-01T03:50:19.3438322Z fm-test-run: gate skip: tests/fm-omp-calm-install.test.sh: live: omp absent
2026-10-01T03:50:19.3445697Z FM_TEST_END 2026-10-01T03:50:19Z tests/fm-omp-calm-install.test.sh exit=0 duration_ms=82 gate_skip=true
2026-10-01T03:50:19.3652450Z FM_TEST_BEGIN 2026-10-01T03:50:19Z tests/fm-pr-state.test.sh family=pr-forge expected_gate_skip=none
2026-10-01T03:50:19.4483473Z ok - a passing required check and a skipped one leave nothing to report
2026-10-01T03:50:19.4744234Z ok - a terminal pull request reports that state and nothing else
2026-10-01T03:50:19.4951846Z ok - draft state blocks readiness
2026-10-01T03:50:19.5283860Z ok - stale changes-requested verdicts explain a blocking review decision
2026-10-01T03:50:19.5529215Z ok - approved PR ignores stale changes-requested history
2026-10-01T03:50:19.5846788Z ok - current changes-requested review blocks readiness
2026-10-01T03:50:19.6433068Z ok - a CHANGES_REQUESTED decision is always reported
2026-10-01T03:50:19.6751122Z ok - the author's own review is never listed as a blocker
2026-10-01T03:50:19.6956536Z ok - a pending approval is not reported as a blocker
2026-10-01T03:50:19.7165201Z ok - required failure blocks readiness
2026-10-01T03:50:19.7639366Z ok - given gh's sentence, an unreported required check is unconfirmed, other check lookup failures refuse
2026-10-01T03:50:19.7870112Z ok - given gh's sentence, a head with no reported checks is unverified rather than ready
2026-10-01T03:50:19.7954921Z ok - help states what empty output means and what is out of scope
2026-10-01T03:50:19.8385061Z ok - unknown and conflicting mergeability block readiness
2026-10-01T03:50:19.8610357Z ok - argument and lookup refusals exit nonzero
2026-10-01T03:50:19.8925958Z FM_TEST_END 2026-10-01T03:50:19Z tests/fm-pr-state.test.sh exit=0 duration_ms=519 gate_skip=false
2026-10-01T03:50:19.9133030Z FM_TEST_BEGIN 2026-10-01T03:50:19Z tests/fm-tasks-axi.test.sh family=unclassified expected_gate_skip=none
2026-10-01T03:50:20.1003816Z ok - bootstrap reports a regular code-root backlog and stays silent for a link into the home or no copy
2026-10-01T03:50:20.1480843Z ok - bootstrap reports a code-root backlog linked elsewhere and a forked archive
2026-10-01T03:50:20.2336664Z ok - bootstrap stays silent when the code root is the home
2026-10-01T03:50:20.3470124Z ok - bare tasks-axi replaced the code-root link and bootstrap reported the fork
2026-10-01T03:50:21.2924754Z ok - fm-tasks-axi.sh writes, holds, archives, and reads relative body files through to the home from the code root
2026-10-01T03:50:21.4636948Z ok - fm-tasks-axi.sh pins the home's backlog over an ambient TASKS_AXI_FILE and serves the dashboard
2026-10-01T03:50:21.5284496Z ok - fm-tasks-axi.sh refuses caller --file, a symlinked home backlog, and an unresolvable home
2026-10-01T03:50:21.6158868Z ok - fm-tasks-axi.sh keeps the single-home layout addressing its own code-root backlog
2026-10-01T03:50:21.7280952Z FM_TEST_END 2026-10-01T03:50:21Z tests/fm-tasks-axi.test.sh exit=0 duration_ms=1803 gate_skip=false
2026-10-01T03:50:21.7532161Z FM_TEST_BEGIN 2026-10-01T03:50:21Z tests/fm-backend.test.sh family=backend-dispatch expected_gate_skip=none
2026-10-01T03:50:21.8478225Z ok - fm_backend_name: FM_BACKEND env > config/backend > default tmux
2026-10-01T03:50:21.8540105Z ok - fm_backend_detect: no markers -> undetected, HERDR_ENV=1 -> herdr, $TMUX -> tmux, CMUX_WORKSPACE_ID -> cmux, nested combinations resolve innermost-first
2026-10-01T03:50:21.8753313Z ok - fm_backend_detect: falls back to __CFBundleIdentifier=com.cmuxterm.app when CMUX_WORKSPACE_ID is absent (signal bundle-id; foreign bundle ids rejected)
2026-10-01T03:50:21.8778055Z ok - fm_backend_detect: the cmux fallback signals are macOS-only (inert on a non-Darwin uname)
2026-10-01T03:50:21.8861238Z ok - fm_backend_detect: an inherited cmux bundle id never outranks $TMUX or HERDR_ENV (tmux/herdr-inside-cmux false positive absorbed)
2026-10-01T03:50:21.9059530Z ok - fm_backend_detect: ancestry fallback matches the lsappinfo-resolved (bundle-id) cmux app pid in the parent chain
2026-10-01T03:50:21.9296604Z ok - fm_backend_detect: ancestry fallback matches a bundle-shaped cmux comm path at any install location when lsappinfo cannot resolve a pid
2026-10-01T03:50:21.9564961Z ok - fm_backend_detect: ancestry fallback stops undetected at launchd (a reparented tmux server never reaches cmux)
2026-10-01T03:50:21.9777853Z ok - fm_backend_name: a fallback-detected cmux prints a NOTICE naming the fallback signal; the primary-marker notice is unchanged
2026-10-01T03:50:21.9918376Z ok - fm_backend_name: auto-detect selects herdr or cmux (loud notice) or tmux (silent, including nested tmux-in-herdr/tmux-in-cmux)
2026-10-01T03:50:22.0031188Z ok - fm_backend_name: an explicit FM_BACKEND or config/backend setting always wins over runtime auto-detection, including an ambient cmux marker
2026-10-01T03:50:22.0047785Z ok - fm_backend_validate: implemented adapters accepted, unknown and blocked codex-app backends refused loudly
2026-10-01T03:50:22.0052596Z ok - zsh: shell-portable backend matching skipped (zsh not found)
2026-10-01T03:50:22.0314442Z ok - bash: fm_backend_source recognizes known backends and rejects unknown ones
2026-10-01T03:50:22.0338301Z ok - fm_backend_validate_spawn: all implemented lifecycle backends are spawn-supported
2026-10-01T03:50:22.0377321Z ok - fm_meta_get / fm_backend_of_meta: read last key=value and default backend to tmux
2026-10-01T03:50:22.0981060Z ok - fm_backend_resolve_selector: session:window literal, exact task id first, legacy fm-<id> label fallback, ad hoc bare name via tmux list-windows
2026-10-01T03:50:22.1683497Z ok - fm_backend_of_selector: exact task ids, legacy fm-<id> labels, and matching explicit targets inherit metadata backend
2026-10-01T03:50:24.9436666Z ok - fm-send.sh: explicit tmux targets are verified; text types once and submits with Enter
2026-10-01T03:50:25.4068363Z ok - fm-peek.sh: capture-pane invocation and output are byte-identical old vs new
2026-10-01T03:50:32.5071338Z ok - fm-spawn.sh: a project reached through a symlinked prefix (e.g. macOS /tmp -> /private/tmp) does not trip the isolation guard's false refusal
2026-10-01T03:50:35.0739986Z ok - fm-teardown.sh: treehouse return remains compatible while tmux cleanup uses exact selectors
2026-10-01T03:50:35.1622868Z ok - fm-spawn.sh --backend bogus is refused loudly
2026-10-01T03:50:35.2507643Z ok - fm-spawn.sh --backend codex-app is refused
2026-10-01T03:50:35.3400320Z ok - fm-spawn.sh honors FM_BACKEND and refuses an unimplemented value loudly
2026-10-01T03:50:37.8341494Z ok - fm-spawn.sh: an explicit --backend tmux resolves silently and writes no backend= (missing means tmux)
2026-10-01T03:50:40.4354837Z ok - fm-spawn.sh: explicit --backend tmux wins over an ambient HERDR_ENV=1 auto-detect marker
2026-10-01T03:50:42.9708875Z ok - fm-spawn.sh: auto-detect resolves nested tmux-in-herdr to tmux and stays silent end to end
2026-10-01T03:50:43.0316373Z FM_TEST_END 2026-10-01T03:50:43Z tests/fm-backend.test.sh exit=0 duration_ms=21272 gate_skip=false
2026-10-01T03:50:43.0519585Z FM_TEST_BEGIN 2026-10-01T03:50:43Z tests/fm-backend-orca.test.sh family=orca expected_gate_skip=optional-binary
2026-10-01T03:50:43.1533429Z ok - fm_backend_orca_capture: parses result.terminal.tail and calls terminal read
2026-10-01T03:50:43.1917499Z ok - fm_backend_orca_capture: falls back to result text fields
2026-10-01T03:50:43.2315630Z ok - fm_backend_orca_capture: fails closed on Orca read error JSON
2026-10-01T03:50:43.2714533Z ok - fm_backend_orca_runtime_check: accepts reachable ready runtime
2026-10-01T03:50:43.3101205Z ok - fm_backend_orca_runtime_check: fails closed when runtime is not ready
2026-10-01T03:50:43.4487779Z ok - fm_backend_orca_send_text_submit: verifies empty composer after Enter with one bounded read
2026-10-01T03:50:43.6017049Z ok - fm_backend_orca_send_text_submit: a borderless claude composer confirms delivery (the missing #2029 shape)
2026-10-01T03:50:43.6713200Z ok - fm_backend_orca_composer_state: a stale startup banner cannot outrank the live composer row
2026-10-01T03:50:43.9075313Z ok - fm_backend_orca_send_text_submit: retries Enter while composer remains pending
2026-10-01T03:50:43.9741899Z ok - fm_backend_orca_composer_state: a slash-command popup's argument-hint placeholder still reads pending
2026-10-01T03:50:44.0184762Z ok - fm_backend_orca_composer_state: a bare dead-shell prompt reads unknown (unsafe-for-injection), never empty
2026-10-01T03:50:45.4734870Z ok - fm_backend_orca_send_text_submit: a slash-command popup's placeholder fill on Enter #1 does not short-circuit as submitted; Enter #2 is retried and lands it
2026-10-01T03:50:45.5130083Z ok - fm_backend_orca_send_literal: sends text without submitting
2026-10-01T03:50:45.5288341Z ok - fm_backend_orca_send_text_submit: reports send-failed when Orca send fails
2026-10-01T03:50:45.6724096Z ok - Orca send helpers: fail closed on ok:false JSON
2026-10-01T03:50:45.7344247Z ok - fm_backend_orca_send_key: Enter maps to empty enter, C-c maps to interrupt
2026-10-01T03:50:45.7459676Z ok - fm_backend_orca_send_key: refuses unsupported keys loudly
2026-10-01T03:50:45.7576756Z ok - fm_backend_orca_send_key: refuses Escape instead of mapping it to interrupt
2026-10-01T03:50:45.7740500Z ok - fm_backend_orca_kill: calls terminal close and stays best-effort
2026-10-01T03:50:48.7036352Z ok - fm_backend_orca_kill: a close its missing CLI never attempted reports the failure instead of a success
2026-10-01T03:50:48.7150463Z ok - fm_backend_orca_remove_worktree: refuses empty worktree ids
2026-10-01T03:50:48.7550780Z ok - fm_backend_orca_remove_worktree: fails closed on ok:false JSON
2026-10-01T03:50:48.7962605Z ok - fm_backend_orca_worktree_path: resolves an Orca worktree id to its path
2026-10-01T03:50:48.8377049Z ok - fm-backend dispatcher: accepts orca and routes capture through bin/backends/orca.sh
2026-10-01T03:50:49.0020632Z ok - fm_backend_orca_json_get: ignores undocumented terminal id shapes
2026-10-01T03:50:49.1818352Z ok - Orca lifecycle helpers: register repo, create worktree, create terminal, parse stable ids
2026-10-01T03:50:49.3534447Z ok - fm_backend_orca_worktree_create: removes created worktree when path is missing
2026-10-01T03:50:49.9040897Z ok - fm-spawn.sh --backend orca: preserves metadata when pathless cleanup fails
2026-10-01T03:50:51.6465694Z ok - fm-spawn.sh --backend orca: reuses implicit terminal, records metadata, launches harness
2026-10-01T03:50:51.8180616Z ok - fm-spawn.sh --backend orca --secondmate: refuses before secondmate-home mutation
2026-10-01T03:50:51.9733094Z ok - fm-spawn.sh --backend orca: refuses before mutation when Orca runtime is not ready
2026-10-01T03:50:52.4694383Z ok - fm-spawn.sh --backend orca: refuses non-isolated worktrees and closes implicit terminals
2026-10-01T03:50:52.9769798Z ok - fm-spawn.sh --backend orca: removes worktree when terminal creation fails
2026-10-01T03:50:53.5139858Z ok - fm-spawn.sh --backend orca: preserves metadata when abort cleanup fails
2026-10-01T03:50:54.2941480Z ok - fm-spawn.sh --backend orca: releases terminal and worktree on later aborts
2026-10-01T03:50:54.7008111Z ●━━━━━━━━━━━━━━━━━━━━━━━━━━━━━━━━━━━━━━━━━━━━━━━━━━━━━━━━━━━━━━━━━━━━━━━
2026-10-01T03:50:54.7008578Z ●  WATCHER DOWN - SUPERVISION IS OFF
2026-10-01T03:50:54.7012138Z ●  1 task(s) in flight, but no live watcher process holds this home lock (last beat: 0s ago).
2026-10-01T03:50:54.7013169Z ●  Trust the emitted supervision protocol for this harness; do not use shell & for watcher repair.
2026-10-01T03:50:54.7014312Z ●  This is a supervision warning only; the guarded operation WILL still run.
2026-10-01T03:50:54.7015328Z ●  repair missing watcher supervision according to the session-start block for this harness; do not use shell &.
2026-10-01T03:50:54.7016310Z ●━━━━━━━━━━━━━━━━━━━━━━━━━━━━━━━━━━━━━━━━━━━━━━━━━━━━━━━━━━━━━━━━━━━━━━━
2026-10-01T03:50:54.9976781Z WARNING: watcher still down (same stale episode; last beat: 0s ago, grace 300s) - full banner already printed this episode.
2026-10-01T03:50:56.0783030Z ok - fm-peek/fm-send/fm-crew-state route through backend=orca metadata and its durable inbox
2026-10-01T03:50:56.5991617Z ok - fm-peek/fm-crew-state: Orca read error JSON fails closed
2026-10-01T03:50:56.6404616Z ok - fm_backend_target_exists: Orca ok:false read JSON is not live
2026-10-01T03:50:56.7837851Z ok - fm_backend_capture: only an exited Orca terminal is proven absent
2026-10-01T03:50:57.7471020Z ok - fm-teardown.sh backend=orca: scout report gate then helper-backed worktree removal, retiring the closed terminal's watcher markers
2026-10-01T03:50:58.4219629Z ok - fm-teardown.sh backend=orca: scout teardown refuses id/path mismatches
2026-10-01T03:50:59.9698792Z ok - fm-teardown.sh backend=orca: preserves metadata on remove ok:false JSON
2026-10-01T03:51:00.2322051Z ok - fm-teardown.sh backend=orca: scout report gate precedes pathless helper cleanup
2026-10-01T03:51:00.5040123Z ok - fm-teardown.sh backend=orca: ship teardown fails closed when worktree path is missing
2026-10-01T03:51:01.4175264Z ok - fm-teardown.sh backend=orca: ship teardown requires a matching Orca id path
2026-10-01T03:51:01.7355262Z ok - fm-teardown.sh backend=orca: ship teardown fails closed when id resolution fails
2026-10-01T03:51:02.2824204Z ok - fm-teardown.sh backend=orca: ship teardown refuses id/path mismatches
2026-10-01T03:51:03.1175368Z ok - fm-teardown.sh backend=orca: shared-uuid composite resolves to the recorded path
2026-10-01T03:51:03.3062689Z ok - fm_backend_validate_task_endpoint: accepts uuid::abs-path composites and refuses malformed shapes
2026-10-01T03:51:03.5655899Z ok - fm-teardown.sh backend=orca: refuses missing worktree ids before cleanup
2026-10-01T03:51:03.8240450Z ok - fm-teardown.sh backend=orca: refuses incomplete worktree-only endpoint metadata before runtime dispatch
2026-10-01T03:51:05.1242390Z ok - fm-teardown.sh --force: removes Orca secondmate children through Orca
2026-10-01T03:51:05.6036544Z ok - fm-teardown.sh --force: refuses Orca child id/path mismatches
2026-10-01T03:51:06.0527343Z ok - fm-teardown.sh --force: refuses partial Orca secondmate children before runtime dispatch
2026-10-01T03:51:06.1786098Z FM_TEST_END 2026-10-01T03:51:06Z tests/fm-backend-orca.test.sh exit=0 duration_ms=23120 gate_skip=false
2026-10-01T03:51:06.1985835Z FM_TEST_BEGIN 2026-10-01T03:51:06Z tests/fm-agy-harness.test.sh family=pure-contract-unit expected_gate_skip=none
2026-10-01T03:51:06.2871845Z ok - fm-harness.sh: ancestry detects a natively-named agy command
2026-10-01T03:51:06.3213902Z ok - fm-harness.sh: ancestry rejects unrelated agy mentions
2026-10-01T03:51:06.5169133Z ok - fm-harness.sh: no inherited launcher marker claims the agy identity
2026-10-01T03:51:06.5225905Z ok - fm-control-lib: agy mechanics are Escape once, no clear key, and /quit
2026-10-01T03:51:06.5436183Z ok - fm-busy-lib: only the pinned esc-to-cancel row carries the agy busy verdict
2026-10-01T03:51:06.5528175Z ok - fm-composer-lib: agy delivery signatures never cross harnesses
2026-10-01T03:51:06.5617356Z ok - fm-busy-lib: agy classifies busy on its marker and unknown without it
2026-10-01T03:51:06.5828442Z ok - bin/fm-agent-process-lib.sh: agy is an agent, fragments are not
2026-10-01T03:51:06.6840713Z ok - herdr exit detection: done with a live registry and an agy process view stays live and refuses replacement
2026-10-01T03:51:06.8115308Z ok - herdr exit detection: a registered status over a shell-only pane is stale-agent and still refuses closing
2026-10-01T03:51:06.8629568Z ok - herdr exit detection: a registered pane with an agy foreground stays live however its shell ranks
2026-10-01T03:51:06.9090973Z ok - herdr exit detection: only a positively unregistered pane is agent-free
2026-10-01T03:51:06.9610223Z ok - herdr exit detection: malformed and failed reads stay unknown
2026-10-01T03:51:09.5405034Z ok - fm-spawn: agy launch carries brief, model, effort, and autonomy with cleared markers
2026-10-01T03:51:12.2377248Z ok - fm-spawn: agy omits xhigh from the launch but records it in task metadata
2026-10-01T03:51:12.4594166Z ok - fm-spawn: an unlisted agy model refuses before pane creation
2026-10-01T03:51:15.2960051Z ok - fm-spawn: an unreachable agy listing establishes nothing and launches
2026-10-01T03:51:18.8854328Z ok - fm-spawn: a hung agy listing is cut off by the shared bound and launches unvalidated
2026-10-01T03:51:36.4494756Z ok - fm-spawn: a zero FM_AGY_MODELS_TIMEOUT is clamped to the default bound
2026-10-01T03:51:36.8734569Z ok - fm-agy-trust.sh: registers the logical and resolved worktree paths and preserves the store
2026-10-01T03:51:36.9707788Z ok - fm-agy-trust.sh: creates agy's settings store when none exists
2026-10-01T03:51:37.1905912Z ok - fm-agy-trust.sh: refuses every out-of-scope path and never rewrites a broken store
2026-10-01T03:51:39.9701980Z ok - fm-spawn: agy pre-registers the worktree and launches straight into a busy turn
2026-10-01T03:51:42.6021943Z ok - fm-spawn: agy answers a dialog that renders anyway exactly once, then confirms busy
2026-10-01T03:51:45.2789896Z ok - fm-spawn: on an unregistered path a premature busy verdict waits for the dialog to be answered
2026-10-01T03:51:47.9600842Z ok - fm-spawn: a busy verdict on an unregistered path without a dialog fails and closes the endpoint
2026-10-01T03:51:50.5970957Z ok - fm-spawn: an agy dialog that never turns busy fails the spawn and closes the endpoint
2026-10-01T03:51:50.9166360Z ok - fm-spawn: a missing agy executable refuses before pane creation
2026-10-01T03:51:51.2346096Z ok - fm-spawn: agy cannot be launched as a secondmate
2026-10-01T03:51:53.8161042Z ok - fm-spawn: agy arms no busy wiring and writes no sidecar
2026-10-01T03:51:53.9461522Z FM_TEST_END 2026-10-01T03:51:53Z tests/fm-agy-harness.test.sh exit=0 duration_ms=47740 gate_skip=false
2026-10-01T03:51:53.9665224Z FM_TEST_BEGIN 2026-10-01T03:51:53Z tests/fm-fleet-snapshot-view.test.sh family=snapshot-bearings expected_gate_skip=optional-binary
2026-10-01T03:51:54.2429307Z ok - empty fleet snapshot and view use explicit absence markers
2026-10-01T03:51:54.9962884Z ok - fixture snapshot covers task rows, backlog rows, pointers, and stable ordering
2026-10-01T03:51:56.1881365Z ok - home-summary excludes kind=secondmate from unowned_current and terminal_in_flight
2026-10-01T03:51:56.6010487Z ok - undated captain holds age after a configurable threshold, decided only from structured fields
2026-10-01T03:51:56.7384603Z ok - captain-hold buckets are total, mutually exclusive, and never decided by prose
2026-10-01T03:51:57.3180827Z ok - main_inventory discloses orphan/unstructured and clears when inventory is consistent
2026-10-01T03:51:57.9718922Z ok - backlog normalization preserves strict roles and resolves every blocker compatibly
2026-10-01T03:51:58.6459481Z ok - snapshot event hints follow reconciled current state
2026-10-01T03:51:59.0547878Z ok - durable fold keeps an open decision past a later unrelated event
2026-10-01T03:51:59.5187121Z ok - a live secondmate endpoint preserves unrelated open decisions
2026-10-01T03:51:59.9360499Z ok - durable captain-held transfer closes the duplicate live status decision
2026-10-01T03:52:00.5614638Z ok - durable fold clears a decision only on a keyed resolution
2026-10-01T03:52:00.8717035Z ok - a completed scout's stale decision surfaces as a report pointer, not pending
2026-10-01T03:52:01.1667106Z ok - a scout still parked at a decision stays pending (terminal clear does not over-fire)
2026-10-01T03:52:01.2923117Z ok - snapshot includes durable scout reports after teardown
2026-10-01T03:52:01.9858784Z ok - snapshot parses tasks-axi rows and respects operational overrides
2026-10-01T03:52:02.8093100Z ok - fleet view renders the snapshot without secondmate peek guidance
2026-10-01T03:52:03.2044756Z ok - fleet view renders secondmate agent liveness
2026-10-01T03:52:03.2547575Z FM_TEST_END 2026-10-01T03:52:03Z tests/fm-fleet-snapshot-view.test.sh exit=0 duration_ms=9281 gate_skip=false
2026-10-01T03:52:03.2752209Z FM_TEST_BEGIN 2026-10-01T03:52:03Z tests/fm-herdr-session-cleanup.test.sh family=backend-dispatch expected_gate_skip=none
2026-10-01T03:52:03.4244227Z ok - process proof reads Linux Herdr argv arrays and rejects malformed executable identities
2026-10-01T03:52:03.6745652Z ok - exact stale projection closes one exact pane under task then presentation locks
2026-10-01T03:52:03.6766152Z ok - successful cleanup is idempotent on repeat
2026-10-01T03:52:03.6992479Z ok - malformed title preserves the candidate
2026-10-01T03:52:03.7216042Z ok - missing token preserves the candidate
2026-10-01T03:52:03.7624742Z ok - malformed journal preserves the candidate
2026-10-01T03:52:03.8667445Z ok - duplicate token preserves the candidate
2026-10-01T03:52:03.8897231Z ok - duplicate title token preserves the candidate
2026-10-01T03:52:03.8940774Z ok - zero journal match preserves the candidate
2026-10-01T03:52:03.9519806Z ok - multiple journal matches preserves the candidate
2026-10-01T03:52:04.0316468Z ok - cross-home journal preserves the candidate
2026-10-01T03:52:04.1857411Z ok - v2 workspace binding mismatch preserves the candidate
2026-10-01T03:52:04.3401922Z ok - v2 tab binding mismatch preserves the candidate
2026-10-01T03:52:04.4963355Z ok - v2 pane binding mismatch preserves the candidate
2026-10-01T03:52:04.9671864Z ok - v2 cleanup requires and accepts the exact journal endpoint binding
2026-10-01T03:52:05.0310857Z ok - current task metadata preserves the candidate
2026-10-01T03:52:05.1475496Z ok - registered agent preserves the candidate
2026-10-01T03:52:05.2585299Z ok - unknown agent preserves the candidate
2026-10-01T03:52:05.3433350Z ok - multiple tabs preserves the candidate
2026-10-01T03:52:05.4295249Z ok - multiple panes preserves the candidate
2026-10-01T03:52:05.5362869Z ok - non-idle shell preserves the candidate
2026-10-01T03:52:05.6433004Z ok - child process or shell job preserves the candidate
2026-10-01T03:52:05.7080378Z ok - unreadable snapshot preserves the candidate
2026-10-01T03:52:05.8659199Z ok - unreadable topology check preserves the candidate
2026-10-01T03:52:06.0122977Z ok - revalidation race preserves the candidate
2026-10-01T03:52:06.0976099Z ok - active target preserves the candidate
2026-10-01T03:52:06.3283650Z ok - focus refusal preserves the candidate
2026-10-01T03:52:06.9944740Z ok - standalone bootstrap cannot run lock-owned stale projection cleanup
2026-10-01T03:52:09.5772591Z ok - session start runs cleanup only after acquiring its home lock
2026-10-01T03:52:09.6156011Z all fm-herdr-session-cleanup tests passed
2026-10-01T03:52:09.6156620Z FM_TEST_END 2026-10-01T03:52:09Z tests/fm-herdr-session-cleanup.test.sh exit=0 duration_ms=6332 gate_skip=false
2026-10-01T03:52:09.6369923Z FM_TEST_BEGIN 2026-10-01T03:52:09Z tests/fm-watch-checkpoint.test.sh family=watcher-wake-lock expected_gate_skip=none
2026-10-01T03:52:10.7666377Z ok - quiet checkpoint exits 124 with a clean checkpoint line and no live lock
2026-10-01T03:52:14.1314839Z WAKE_ACK_REQUIRED: after handling completes run bin/fm-wake-drain.sh --ack-through 2 --recovery-generation 414361.1790826733.WwFM8S
2026-10-01T03:52:14.6481736Z ok - checkpoint passes through a real watcher wake and leaves the queue for drain
2026-10-01T03:52:15.5843348Z ok - checkpoint preserves watcher environment for registered custom checks
2026-10-01T03:52:15.7499244Z ok - checkpoint rejects an existing watcher singleton as unowned
2026-10-01T03:52:15.7837842Z FM_TEST_END 2026-10-01T03:52:15Z tests/fm-watch-checkpoint.test.sh exit=0 duration_ms=6140 gate_skip=false
2026-10-01T03:52:15.8046104Z FM_TEST_BEGIN 2026-10-01T03:52:15Z tests/fm-pi-windows-shell-invocation.test.sh family=unclassified expected_gate_skip=none
2026-10-01T03:52:15.8872823Z skip: native Windows Node required
2026-10-01T03:52:15.9228438Z fm-test-run: gate skip: tests/fm-pi-windows-shell-invocation.test.sh: native Windows Node required
2026-10-01T03:52:15.9229447Z FM_TEST_END 2026-10-01T03:52:15Z tests/fm-pi-windows-shell-invocation.test.sh exit=0 duration_ms=106 gate_skip=true
2026-10-01T03:52:15.9438956Z FM_TEST_BEGIN 2026-10-01T03:52:15Z tests/fm-stow-cascade.test.sh family=secondmate expected_gate_skip=none
2026-10-01T03:52:16.0977741Z ok - each home is accounted against its own allowance instead of a fleet total
2026-10-01T03:52:16.2381111Z ok - the cascade emits one stanza per registered home and refuses a double-counted registry
2026-10-01T03:52:16.5928672Z ok - transport follows placement and live-agent state, and a remote home without an agent defers
2026-10-01T03:52:16.7060093Z ok - each stanza carries the facts a per-home receipt needs, before and after curation
2026-10-01T03:52:18.8802575Z ok - one slow or unreachable home is bounded and every other home still reports
2026-10-01T03:52:18.9060818Z ok - the cascade stays silent with no secondmates and never runs from a secondmate home
2026-10-01T03:52:18.9396357Z FM_TEST_END 2026-10-01T03:52:18Z tests/fm-stow-cascade.test.sh exit=0 duration_ms=2989 gate_skip=false
2026-10-01T03:52:18.9600557Z FM_TEST_BEGIN 2026-10-01T03:52:18Z tests/fm-busy-state.test.sh family=standalone expected_gate_skip=none
2026-10-01T03:52:19.1285295Z ok - native progress is generation-bound, separately recorded, and cleared on arm and retire
2026-10-01T03:52:19.1540715Z ok - arm mints a gen sidecar and seeds busy fm-spawn at seq=1
2026-10-01T03:52:19.2219166Z ok - apply advances seq under the armed gen and attributes the writing source
2026-10-01T03:52:19.2894328Z ok - firstmate-owned interrupt and recovery events bind to the current gen
2026-10-01T03:52:19.3062179Z ok - apply is refused for a task whose busy contract was never armed
2026-10-01T03:52:19.3830605Z ok - retire waits for the writer lock and cannot remove a new incarnation
2026-10-01T03:52:19.4662892Z ok - retire treats only an absent sidecar as already retired
2026-10-01T03:52:21.5846849Z ok - the writer breaks a stale lock instead of dying on GNU stat output
2026-10-01T03:52:21.6432186Z ok - a late event from a previous incarnation is rejected, record unchanged
2026-10-01T03:52:21.6690386Z ok - a record from a stale incarnation classifies unknown, never idle
2026-10-01T03:52:21.6774654Z ok - a converted adapter with no record classifies unknown, never idle
2026-10-01T03:52:21.7197399Z ok - malformed records classify unknown malformed, never busy or idle
2026-10-01T03:52:21.7243790Z ok - a record with no armed gen sidecar classifies unknown
2026-10-01T03:52:21.7755203Z ok - a record is trusted only by the adapter whose source wrote it
2026-10-01T03:52:21.7842669Z ok - converted adapters never classify busy from rendered footer text
2026-10-01T03:52:21.7975667Z ok - the grok fallback is regex-scoped to grok and classifies only grok tasks
2026-10-01T03:52:21.8397032Z ok - codex classifies unknown until a semantic source passes its verification gate
2026-10-01T03:52:21.8815575Z ok - standalone kimi classifies unknown until the live verification gate opens
2026-10-01T03:52:21.8896474Z ok - cursor classifies only from its transcript fold, never rendered text or native state
2026-10-01T03:52:21.9162794Z ok - endpoint death is the only process-level override and yields dead, never busy
2026-10-01T03:52:21.9646905Z ok - herdr's native verdict is trusted for busy only, and records outrank it
2026-10-01T03:52:21.9979480Z ok - record parsing never clobbers the caller's positional parameters, glob setting, or fields
2026-10-01T03:52:22.0487296Z ok - the boolean view reports busy only on an exact busy verdict
2026-10-01T03:52:22.0487691Z all fm-busy-state tests passed
2026-10-01T03:52:22.0836074Z FM_TEST_END 2026-10-01T03:52:22Z tests/fm-busy-state.test.sh exit=0 duration_ms=3116 gate_skip=false
2026-10-01T03:52:22.1053774Z FM_TEST_BEGIN 2026-10-01T03:52:22Z tests/fm-session-lock-ancestry.test.sh family=watcher-wake-lock expected_gate_skip=none
2026-10-01T03:52:22.3378845Z ok - session-lock: a version-named Claude Code session is identified from its install path and argv[0]
2026-10-01T03:52:22.4211847Z ok - session-lock: a harness that is pid 1 of its own namespace is examined, not skipped
2026-10-01T03:52:23.2875731Z ok - session-lock: ordinary script paths under a harness directory are not harness processes
2026-10-01T03:52:23.3987305Z ok - session-lock: ownership stops at the first non-harness gap above the contiguous run
2026-10-01T03:52:23.4502878Z ok - session-lock: a live version-named session holding the lock is not mistaken for a stale owner
2026-10-01T03:52:23.9315906Z ok - session-lock e2e: a version-named session claims the home and arms supervision
2026-10-01T03:52:24.3725839Z ok - session-lock e2e: a session parented by a harness-named daemon claims the home and arms supervision
2026-10-01T03:52:24.8140879Z ok - session-lock e2e: a version-named session under a harness-named daemon keeps its own lock
2026-10-01T03:52:24.8505094Z FM_TEST_END 2026-10-01T03:52:24Z tests/fm-session-lock-ancestry.test.sh exit=0 duration_ms=2737 gate_skip=false
2026-10-01T03:52:24.8711995Z FM_TEST_BEGIN 2026-10-01T03:52:24Z tests/fm-test-fixture-cleanup.test.sh family=standalone expected_gate_skip=none
2026-10-01T03:52:24.9528596Z ok - fm_test_tmproot cleans up its fixture root on normal exit
2026-10-01T03:52:25.0987196Z ok - fm_test_tmproot cleans up its fixture root on SIGTERM
2026-10-01T03:52:25.1253130Z ok - the cleanup registry cannot be injected through path precreation
2026-10-01T03:52:25.1318261Z ok - failed fixture registration rolls back the new root
2026-10-01T03:52:25.4270741Z ok - the orphan sweep reaps only old fixtures without a live owner
2026-10-01T03:52:25.5382200Z ok - the orphan sweep reaps read-only package fixtures
2026-10-01T03:52:25.5710017Z FM_TEST_END 2026-10-01T03:52:25Z tests/fm-test-fixture-cleanup.test.sh exit=0 duration_ms=692 gate_skip=false
2026-10-01T03:52:25.5912824Z FM_TEST_BEGIN 2026-10-01T03:52:25Z tests/fm-check-unregister.test.sh family=pr-forge expected_gate_skip=none
2026-10-01T03:52:25.7765942Z ok - empty id or missing state dir refuses loudly and never rms a stray path
2026-10-01T03:52:25.8743791Z ok - happy path removes only the named check.sh and check-trust
2026-10-01T03:52:25.9793361Z ok - hard-linked or symlinked artifacts are refused and left in place
2026-10-01T03:52:26.1153124Z FM_TEST_END 2026-10-01T03:52:26Z tests/fm-check-unregister.test.sh exit=0 duration_ms=516 gate_skip=false
2026-10-01T03:52:26.1353216Z FM_TEST_BEGIN 2026-10-01T03:52:26Z tests/fm-trace-context-lib.test.sh family=pure-contract-unit expected_gate_skip=none
2026-10-01T03:52:26.1895905Z ok - fm_trace_context_valid accepts a conformant W3C traceparent
2026-10-01T03:52:26.1900912Z ok - fm_trace_context_valid rejects all-zero ids, ff version, uppercase, wrong length, missing field, shell metacharacters, and empty
2026-10-01T03:52:26.1901889Z ok - a command-substitution-shaped value is rejected as inert data, never executed
2026-10-01T03:52:26.1988449Z ok - fm_trace_context_hex yields exact-length lowercase hex, distinct per call
2026-10-01T03:52:26.2039334Z ok - fm_trace_context_mint starts a valid sampled root trace
2026-10-01T03:52:26.2089652Z ok - every mint is an unrelated fresh root - one trace per task, no parent adoption
2026-10-01T03:52:26.2090217Z ok - a minted root is the fixed 55-char W3C form (hex and hyphens only), so firstmate originates no free-form content in the carrier
2026-10-01T03:52:26.2189158Z ok - enablement is default-off; FM_TRACE_CONTEXT overrides with truthy/other precedence, and unset or empty defers to config/trace-context
2026-10-01T03:52:26.2322155Z ok - session start normalizes config and environment precedence into frozen on/off state
2026-10-01T03:52:26.2405317Z ok - session state is atomically published through a same-directory replacement
2026-10-01T03:52:26.2529126Z ok - a stale on record is inactive when publication fails in a new locked session
2026-10-01T03:52:26.2563171Z ok - missing or invalid frozen session state defaults off
2026-10-01T03:52:26.2569323Z ok - resolve omits the carrier and returns success when the capability is off (byte-identical default)
2026-10-01T03:52:26.2638535Z ok - resolve mints a valid traceparent when enabled
2026-10-01T03:52:26.2872108Z ok - Secondmate home-session state stays off or on despite later file state; ambient TRACEPARENT is never adopted, so each routed task roots its own trace
2026-10-01T03:52:26.2919209Z ok - resolve reuses a valid recorded traceparent verbatim on relaunch (stable identity across restarts)
2026-10-01T03:52:26.2925031Z ok - disabling the capability omits the carrier even for a task with a recorded identity
2026-10-01T03:52:26.3013134Z ok - a corrupt recorded traceparent is re-minted rather than propagated
2026-10-01T03:52:26.3084615Z ok - resolve yields exactly one carrier per logical task, so the recorded and injected values are identical by construction
2026-10-01T03:52:26.3130648Z ok - entropy failure omits telemetry safely: mint reports failure, resolve returns success with no carrier
2026-10-01T03:52:26.3168379Z ok - the resolver has no sleep/timeout/command hang source and always returns success
2026-10-01T03:52:26.3194851Z ok - the carrier is minted identically for every harness, backend, and spawn kind (no such branching in the lib code)
2026-10-01T03:52:26.3197760Z ok - the lib code never reads a brief, prompt, report, or status - it cannot leak content
2026-10-01T03:52:26.3242505Z ok - config/trace-context is inherited into secondmate homes, keeping the nested chain enabled end to end
2026-10-01T03:52:26.3242994Z # fm-trace-context-lib.test.sh: all assertions passed
2026-10-01T03:52:26.3544676Z FM_TEST_END 2026-10-01T03:52:26Z tests/fm-trace-context-lib.test.sh exit=0 duration_ms=212 gate_skip=false
2026-10-01T03:52:26.3754859Z FM_TEST_BEGIN 2026-10-01T03:52:26Z tests/fm-remote-entrypoint.test.sh family=standalone expected_gate_skip=none
2026-10-01T03:52:26.4606396Z ok - fm-remote-entrypoint.sh invoked via a PATH symlink resolves SCRIPT_DIR to the real bin/ directory
2026-10-01T03:52:26.4829057Z ok - fm-remote-entrypoint.sh invoked directly still resolves SCRIPT_DIR correctly
2026-10-01T03:52:26.5127191Z FM_TEST_END 2026-10-01T03:52:26Z tests/fm-remote-entrypoint.test.sh exit=0 duration_ms=130 gate_skip=false
2026-10-01T03:52:26.5329868Z FM_TEST_BEGIN 2026-10-01T03:52:26Z tests/fm-pi-branch-live-e2e.test.sh family=live-harness-optin expected_gate_skip=live-capability
2026-10-01T03:52:26.5872469Z skip: live: opt-in; set FM_PI_BRANCH_LIVE_E2E=1 to run
2026-10-01T03:52:26.6204381Z fm-test-run: gate skip: tests/fm-pi-branch-live-e2e.test.sh: live: opt-in; set FM_PI_BRANCH_LIVE_E2E=1 to run
2026-10-01T03:52:26.6205012Z FM_TEST_END 2026-10-01T03:52:26Z tests/fm-pi-branch-live-e2e.test.sh exit=0 duration_ms=76 gate_skip=true
2026-10-01T03:52:26.6901869Z FM_TEST_BEGIN 2026-10-01T03:52:26Z tests/fm-herdr-submit-confirm-live-e2e.test.sh family=live-harness-optin expected_gate_skip=live-capability
2026-10-01T03:52:26.7452548Z skip: live: opt-in; set FM_HERDR_SUBMIT_CONFIRM_LIVE=1 to run
2026-10-01T03:52:26.7780033Z fm-test-run: gate skip: tests/fm-herdr-submit-confirm-live-e2e.test.sh: live: opt-in; set FM_HERDR_SUBMIT_CONFIRM_LIVE=1 to run
2026-10-01T03:52:26.7780843Z FM_TEST_END 2026-10-01T03:52:26Z tests/fm-herdr-submit-confirm-live-e2e.test.sh exit=0 duration_ms=76 gate_skip=true
2026-10-01T03:52:26.7984007Z FM_TEST_BEGIN 2026-10-01T03:52:26Z tests/fm-claude-stop-autoarm-live-e2e.test.sh family=live-harness-optin expected_gate_skip=live-capability
2026-10-01T03:52:26.8515176Z skip: live: opt-in; set FM_CLAUDE_LIVE_E2E=1 to run
2026-10-01T03:52:26.8840835Z fm-test-run: gate skip: tests/fm-claude-stop-autoarm-live-e2e.test.sh: live: opt-in; set FM_CLAUDE_LIVE_E2E=1 to run
2026-10-01T03:52:26.8841508Z FM_TEST_END 2026-10-01T03:52:26Z tests/fm-claude-stop-autoarm-live-e2e.test.sh exit=0 duration_ms=74 gate_skip=true
2026-10-01T03:52:26.9043742Z FM_TEST_BEGIN 2026-10-01T03:52:26Z tests/fm-harness-liveness-drift-live-e2e.test.sh family=live-harness-optin expected_gate_skip=live-capability
2026-10-01T03:52:26.9925737Z # skip: claude is not installed on this machine, so its classification is unverified here
2026-10-01T03:52:26.9938250Z # skip: codex is not installed on this machine, so its classification is unverified here
2026-10-01T03:52:26.9954889Z # skip: opencode is not installed on this machine, so its classification is unverified here
2026-10-01T03:52:27.9154264Z # pi 0.99.1: title='pi' foreground=[pi ]
2026-10-01T03:52:27.9154915Z ok - harness liveness: pi 0.99.1 classifies alive
2026-10-01T03:52:27.9646411Z # pi 0.99.1: ancestry verdicts=[comm pi]
2026-10-01T03:52:27.9647028Z ok - harness detection: pi 0.99.1 is identified by the ancestry walk at comm strength
2026-10-01T03:52:27.9657934Z # skip: pi-signed is not installed on this machine, so its classification is unverified here
2026-10-01T03:52:27.9669622Z # skip: grok is not installed on this machine, so its classification is unverified here
2026-10-01T03:52:27.9681256Z # skip: kimi is not installed on this machine, so its classification is unverified here
2026-10-01T03:52:27.9698484Z # skip: cursor is not installed on this machine, so its classification is unverified here
2026-10-01T03:52:27.9709739Z # skip: muse is not installed on this machine, so its classification is unverified here
2026-10-01T03:52:27.9710688Z # unverified on this machine (not installed): claude codex opencode pi-signed grok kimi cursor muse
2026-10-01T03:52:28.0037482Z # checked 1 installed harness(es)
2026-10-01T03:52:28.0038070Z FM_TEST_END 2026-10-01T03:52:27Z tests/fm-harness-liveness-drift-live-e2e.test.sh exit=0 duration_ms=1091 gate_skip=false
2026-10-01T03:52:28.0242698Z FM_TEST_BEGIN 2026-10-01T03:52:28Z tests/fm-harness-adapter-instructions-live-e2e.test.sh family=live-harness-optin expected_gate_skip=live-capability
2026-10-01T03:52:28.0784834Z skip: live: opt-in; set FM_HARNESS_ADAPTER_INSTRUCTION_EVAL=1 to run
2026-10-01T03:52:28.1119641Z fm-test-run: gate skip: tests/fm-harness-adapter-instructions-live-e2e.test.sh: live: opt-in; set FM_HARNESS_ADAPTER_INSTRUCTION_EVAL=1 to run
2026-10-01T03:52:28.1120840Z FM_TEST_END 2026-10-01T03:52:28Z tests/fm-harness-adapter-instructions-live-e2e.test.sh exit=0 duration_ms=76 gate_skip=true
2026-10-01T03:52:28.1305149Z FM_TEST_SUMMARY total=35 failed=1 skipped_gate=7 duration_ms=759066
2026-10-01T03:52:28.1321190Z FM_TEST_SUMMARY_FAMILY family=afk count=1 duration_ms=34379 failed=0
2026-10-01T03:52:28.1321859Z FM_TEST_SUMMARY_FAMILY family=backend-dispatch count=3 duration_ms=67638 failed=0
2026-10-01T03:52:28.1322637Z FM_TEST_SUMMARY_FAMILY family=live-harness-optin count=6 duration_ms=1474 failed=0
2026-10-01T03:52:28.1323311Z FM_TEST_SUMMARY_FAMILY family=orca count=1 duration_ms=23120 failed=0
2026-10-01T03:52:28.1324159Z FM_TEST_SUMMARY_FAMILY family=pr-forge count=2 duration_ms=1035 failed=0
2026-10-01T03:52:28.1324907Z FM_TEST_SUMMARY_FAMILY family=pure-contract-unit count=3 duration_ms=51632 failed=0
2026-10-01T03:52:28.1325613Z FM_TEST_SUMMARY_FAMILY family=secondmate count=4 duration_ms=188242 failed=1
2026-10-01T03:52:28.1326060Z FM_TEST_SUMMARY_FAMILY family=snapshot-bearings count=3 duration_ms=204394 failed=0
2026-10-01T03:52:28.1326494Z FM_TEST_SUMMARY_FAMILY family=standalone count=3 duration_ms=3938 failed=0
2026-10-01T03:52:28.1326900Z FM_TEST_SUMMARY_FAMILY family=unclassified count=4 duration_ms=5390 failed=0
2026-10-01T03:52:28.1327323Z FM_TEST_SUMMARY_FAMILY family=watcher-wake-lock count=5 duration_ms=175878 failed=0
2026-10-01T03:52:28.1379722Z FM_TEST_SLOWEST rank=1 script=tests/fm-bearings-snapshot.test.sh duration_ms=158941
2026-10-01T03:52:28.1380462Z FM_TEST_SLOWEST rank=2 script=tests/fm-secondmate-reconcile.test.sh duration_ms=98608
2026-10-01T03:52:28.1381257Z FM_TEST_SLOWEST rank=3 script=tests/fm-remote-backlog-handoff.test.sh duration_ms=75143
2026-10-01T03:52:28.1381980Z FM_TEST_SLOWEST rank=4 script=tests/fm-watch-arm.test.sh duration_ms=59331
2026-10-01T03:52:28.1382694Z FM_TEST_SLOWEST rank=5 script=tests/fm-watch-recovery-loop.test.sh duration_ms=58877
2026-10-01T03:52:28.1383429Z FM_TEST_SLOWEST rank=6 script=tests/fm-inactive-reconcile.test.sh duration_ms=48793
2026-10-01T03:52:28.1384289Z FM_TEST_SLOWEST rank=7 script=tests/fm-agy-harness.test.sh duration_ms=47740
2026-10-01T03:52:28.1384937Z FM_TEST_SLOWEST rank=8 script=tests/fm-control.test.sh duration_ms=40034
2026-10-01T03:52:28.1385621Z FM_TEST_SLOWEST rank=9 script=tests/fm-home-summary-refresh.test.sh duration_ms=36172
2026-10-01T03:52:28.1386348Z FM_TEST_SLOWEST rank=10 script=tests/fm-afk-inject-e2e.test.sh duration_ms=34379
2026-10-01T03:52:28.1387033Z FM_TEST_SLOWEST rank=11 script=tests/fm-backend-orca.test.sh duration_ms=23120
2026-10-01T03:52:28.1387685Z FM_TEST_SLOWEST rank=12 script=tests/fm-backend.test.sh duration_ms=21272
2026-10-01T03:52:28.1388436Z FM_TEST_SLOWEST rank=13 script=tests/fm-remote-secondmate-lifecycle-e2e.test.sh duration_ms=11502
2026-10-01T03:52:28.1389561Z FM_TEST_SLOWEST rank=14 script=tests/fm-fleet-snapshot-view.test.sh duration_ms=9281
2026-10-01T03:52:28.1390327Z FM_TEST_SLOWEST rank=15 script=tests/fm-herdr-session-cleanup.test.sh duration_ms=6332
2026-10-01T03:52:28.1632912Z fm-test-run: wrote timing artifact: /home/runner/work/_temp/fm-test/fm-test-timing-portable-serial-2.json
2026-10-01T03:52:28.1775899Z ##[error]Process completed with exit code 1.
2026-10-01T03:52:28.1843203Z ##[group]Run actions/upload-artifact@v4
2026-10-01T03:52:28.1843443Z with:
2026-10-01T03:52:28.1843895Z   name: fm-test-timing-portable-serial-2
2026-10-01T03:52:28.1844244Z   path: /home/runner/work/_temp/fm-test/fm-test-timing-portable-serial-2.json
2026-10-01T03:52:28.1844574Z   if-no-files-found: warn
2026-10-01T03:52:28.1844764Z   compression-level: 6
2026-10-01T03:52:28.1844939Z   overwrite: false
2026-10-01T03:52:28.1845110Z   include-hidden-files: false
2026-10-01T03:52:28.1845296Z env:
2026-10-01T03:52:28.1845668Z   FM_PI_PACKAGE_DIR: /home/runner/work/firstmate/firstmate/.opencode/plugins/node_modules/@earendil-works/pi-coding-agent
2026-10-01T03:52:28.1846081Z ##[endgroup]
2026-10-01T03:52:28.3254138Z (node:422779) [DEP0040] DeprecationWarning: The `punycode` module is deprecated. Please use a userland alternative instead.
2026-10-01T03:52:28.3255095Z (Use `node --trace-deprecation ...` to show where the warning was created)
2026-10-01T03:52:28.3274782Z With the provided path, there will be 1 file uploaded
2026-10-01T03:52:28.3279598Z Artifact name is valid!
2026-10-01T03:52:28.3280327Z Root directory input is valid!
2026-10-01T03:52:28.7033357Z Beginning upload of artifact content to blob storage
2026-10-01T03:52:28.7178771Z (node:422779) [DEP0169] DeprecationWarning: `url.parse()` behavior is not standardized and prone to errors that have security implications. Use the WHATWG URL API instead. CVEs are not issued for `url.parse()` vulnerabilities.
2026-10-01T03:52:29.0038781Z Uploaded bytes 1690
2026-10-01T03:52:29.0810377Z Finished uploading artifact content to blob storage!
2026-10-01T03:52:29.0811127Z SHA256 digest of uploaded artifact zip is 69b4085c554460eae76d41eb9e2ac13be79bff9c1bf7931f74262fc5b42e9db1
2026-10-01T03:52:29.0812073Z Finalizing artifact upload
2026-10-01T03:52:29.3362714Z Artifact fm-test-timing-portable-serial-2.zip successfully finalized. Artifact ID 11140110885
2026-10-01T03:52:29.3363413Z Artifact fm-test-timing-portable-serial-2 has been successfully uploaded! Final size is 1690 bytes. Artifact ID is 11140110885
2026-10-01T03:52:29.3364263Z Artifact download URL: https://github.com/mdc2122/firstmate/actions/runs/36811522084/artifacts/11140110885
2026-10-01T03:52:29.3503447Z ##[group]Run actions/upload-artifact@v4
2026-10-01T03:52:29.3503884Z with:
2026-10-01T03:52:29.3504063Z   name: fm-provision-failure-serial-2
2026-10-01T03:52:29.3504373Z   path: /home/runner/work/_temp/fm-test/failure-evidence/provision-*.txt
2026-10-01T03:52:29.3504691Z   if-no-files-found: ignore
2026-10-01T03:52:29.3504890Z   compression-level: 6
2026-10-01T03:52:29.3505070Z   overwrite: false
2026-10-01T03:52:29.3505246Z   include-hidden-files: false
2026-10-01T03:52:29.3505442Z env:
2026-10-01T03:52:29.3505819Z   FM_PI_PACKAGE_DIR: /home/runner/work/firstmate/firstmate/.opencode/plugins/node_modules/@earendil-works/pi-coding-agent
2026-10-01T03:52:29.3506248Z ##[endgroup]
2026-10-01T03:52:29.5187701Z (node:422791) [DEP0040] DeprecationWarning: The `punycode` module is deprecated. Please use a userland alternative instead.
2026-10-01T03:52:29.5188279Z (Use `node --trace-deprecation ...` to show where the warning was created)
2026-10-01T03:52:29.5228159Z With the provided path, there will be 1 file uploaded
2026-10-01T03:52:29.5229066Z Artifact name is valid!
2026-10-01T03:52:29.5229644Z Root directory input is valid!
2026-10-01T03:52:29.8865508Z Beginning upload of artifact content to blob storage
2026-10-01T03:52:29.9004366Z (node:422791) [DEP0169] DeprecationWarning: `url.parse()` behavior is not standardized and prone to errors that have security implications. Use the WHATWG URL API instead. CVEs are not issued for `url.parse()` vulnerabilities.
2026-10-01T03:52:30.1797326Z Uploaded bytes 326
2026-10-01T03:52:30.2581517Z Finished uploading artifact content to blob storage!
2026-10-01T03:52:30.2582303Z SHA256 digest of uploaded artifact zip is cc07f168942058b20b33ab267dc0681b7dab887781dc8395ac9af6b4b8661dd0
2026-10-01T03:52:30.2583073Z Finalizing artifact upload
2026-10-01T03:52:30.5674447Z Artifact fm-provision-failure-serial-2.zip successfully finalized. Artifact ID 11140580582
2026-10-01T03:52:30.5675472Z Artifact fm-provision-failure-serial-2 has been successfully uploaded! Final size is 326 bytes. Artifact ID is 11140580582
2026-10-01T03:52:30.5680495Z Artifact download URL: https://github.com/mdc2122/firstmate/actions/runs/36811522084/artifacts/11140580582
2026-10-01T03:52:30.5846242Z Post job cleanup.
2026-10-01T03:52:30.6550773Z [command]/usr/bin/git version
2026-10-01T03:52:30.6586546Z git version 2.55.0
2026-10-01T03:52:30.6617101Z Temporarily overriding HOME='/home/runner/work/_temp/b18928fb-155e-4548-8a55-dfc76587b276' before making global git config changes
2026-10-01T03:52:30.6618593Z Adding repository directory to the temporary git global config as a safe directory
2026-10-01T03:52:30.6621399Z [command]/usr/bin/git config --global --add safe.directory /home/runner/work/firstmate/firstmate
2026-10-01T03:52:30.6650444Z Removing SSH command configuration
2026-10-01T03:52:30.6656203Z [command]/usr/bin/git config --local --name-only --get-regexp core\.sshCommand
2026-10-01T03:52:30.6687526Z [command]/usr/bin/git submodule foreach --recursive sh -c "git config --local --name-only --get-regexp 'core\.sshCommand' && git config --local --unset-all 'core.sshCommand' || :"
2026-10-01T03:52:30.6898919Z Removing HTTP extra header
2026-10-01T03:52:30.6904789Z [command]/usr/bin/git config --local --name-only --get-regexp http\.https\:\/\/github\.com\/\.extraheader
2026-10-01T03:52:30.6942376Z [command]/usr/bin/git submodule foreach --recursive sh -c "git config --local --name-only --get-regexp 'http\.https\:\/\/github\.com\/\.extraheader' && git config --local --unset-all 'http.https://github.com/.extraheader' || :"
2026-10-01T03:52:30.7154173Z Removing includeIf entries pointing to credentials config files
2026-10-01T03:52:30.7161872Z [command]/usr/bin/git config --local --name-only --get-regexp ^includeIf\.gitdir:
2026-10-01T03:52:30.7188724Z includeif.gitdir:/home/runner/work/firstmate/firstmate/.git.path
2026-10-01T03:52:30.7189550Z includeif.gitdir:/home/runner/work/firstmate/firstmate/.git/worktrees/*.path
2026-10-01T03:52:30.7190451Z includeif.gitdir:/github/workspace/.git.path
2026-10-01T03:52:30.7190934Z includeif.gitdir:/github/workspace/.git/worktrees/*.path
2026-10-01T03:52:30.7198985Z [command]/usr/bin/git config --local --get-all includeif.gitdir:/home/runner/work/firstmate/firstmate/.git.path
2026-10-01T03:52:30.7221235Z /home/runner/work/_temp/git-credentials-452a44ee-da01-4928-8e3f-418ed8186fe0.config
2026-10-01T03:52:30.7230759Z [command]/usr/bin/git config --local --unset includeif.gitdir:/home/runner/work/firstmate/firstmate/.git.path /home/runner/work/_temp/git-credentials-452a44ee-da01-4928-8e3f-418ed8186fe0.config
2026-10-01T03:52:30.7269802Z [command]/usr/bin/git config --local --get-all includeif.gitdir:/home/runner/work/firstmate/firstmate/.git/worktrees/*.path
2026-10-01T03:52:30.7295715Z /home/runner/work/_temp/git-credentials-452a44ee-da01-4928-8e3f-418ed8186fe0.config
2026-10-01T03:52:30.7305521Z [command]/usr/bin/git config --local --unset includeif.gitdir:/home/runner/work/firstmate/firstmate/.git/worktrees/*.path /home/runner/work/_temp/git-credentials-452a44ee-da01-4928-8e3f-418ed8186fe0.config
2026-10-01T03:52:30.7340850Z [command]/usr/bin/git config --local --get-all includeif.gitdir:/github/workspace/.git.path
2026-10-01T03:52:30.7366748Z /github/runner_temp/git-credentials-452a44ee-da01-4928-8e3f-418ed8186fe0.config
2026-10-01T03:52:30.7378470Z [command]/usr/bin/git config --local --unset includeif.gitdir:/github/workspace/.git.path /github/runner_temp/git-credentials-452a44ee-da01-4928-8e3f-418ed8186fe0.config
2026-10-01T03:52:30.7414517Z [command]/usr/bin/git config --local --get-all includeif.gitdir:/github/workspace/.git/worktrees/*.path
2026-10-01T03:52:30.7445656Z /github/runner_temp/git-credentials-452a44ee-da01-4928-8e3f-418ed8186fe0.config
2026-10-01T03:52:30.7450702Z [command]/usr/bin/git config --local --unset includeif.gitdir:/github/workspace/.git/worktrees/*.path /github/runner_temp/git-credentials-452a44ee-da01-4928-8e3f-418ed8186fe0.config
2026-10-01T03:52:30.7484666Z [command]/usr/bin/git submodule foreach --recursive git config --local --show-origin --name-only --get-regexp remote.origin.url
2026-10-01T03:52:30.7685310Z Removing credentials config '/home/runner/work/_temp/git-credentials-452a44ee-da01-4928-8e3f-418ed8186fe0.config'
2026-10-01T03:52:30.7816437Z Cleaning up orphan processes
2026-10-01T03:52:30.8108567Z ##[warning]Node.js 20 is deprecated. The following actions target Node.js 20 but are being forced to run on Node.js 24: actions/upload-artifact@v4. For more information see: https://github.blog/changelog/2025-09-19-deprecation-of-node-20-on-github-actions-runners/
