2026-10-01T03:39:35.7478221Z Current runner version: '2.337.0'
2026-10-01T03:39:35.7507900Z ##[group]Runner Image Provisioner
2026-10-01T03:39:35.7509146Z Hosted Compute Agent
2026-10-01T03:39:35.7509909Z Version: 20260901.588
2026-10-01T03:39:35.7510739Z Commit: f88ec8081b781fac6c440065ac7ff9e710ce3d0b
2026-10-01T03:39:35.7511647Z Build Date: 2026-09-01T19:56:44Z
2026-10-01T03:39:35.7512496Z Worker ID: {31faa91e-7a8f-478f-b26a-cc6ce13db70b}
2026-10-01T03:39:35.7513721Z Azure Region: eastus
2026-10-01T03:39:35.7514500Z ##[endgroup]
2026-10-01T03:39:35.7516444Z ##[group]Operating System
2026-10-01T03:39:35.7517254Z Ubuntu
2026-10-01T03:39:35.7517966Z 24.04.5
2026-10-01T03:39:35.7518672Z LTS
2026-10-01T03:39:35.7519374Z ##[endgroup]
2026-10-01T03:39:35.7520127Z ##[group]Runner Image
2026-10-01T03:39:35.7520874Z Image: ubuntu-24.04
2026-10-01T03:39:35.7521610Z Version: 20260927.320.1
2026-10-01T03:39:35.7524753Z Included Software: https://github.com/actions/runner-images/blob/ubuntu24/20260927.320/images/ubuntu/Ubuntu2404-Readme.md
2026-10-01T03:39:35.7526839Z Image Release: https://github.com/actions/runner-images/releases/tag/ubuntu24%2F20260927.320
2026-10-01T03:39:35.7528110Z ##[endgroup]
2026-10-01T03:39:35.7529619Z ##[group]GITHUB_TOKEN Permissions
2026-10-01T03:39:35.7532045Z Contents: read
2026-10-01T03:39:35.7532817Z Metadata: read
2026-10-01T03:39:35.7533713Z ##[endgroup]
2026-10-01T03:39:35.7536421Z Secret source: Actions
2026-10-01T03:39:35.7537560Z Cache mode: write
2026-10-01T03:39:35.7538560Z Prepare workflow directory
2026-10-01T03:39:35.7942653Z Prepare all required actions
2026-10-01T03:39:35.8006026Z Getting action download info
2026-10-01T03:39:35.9977710Z Download action repository 'actions/checkout@v6' (SHA:d23441a48e516b6c34aea4fa41551a30e30af803)
2026-10-01T03:39:36.1032264Z Download action repository 'actions/upload-artifact@v4' (SHA:ea165f8d65b6e75b540449e92b4886f43607fa02)
2026-10-01T03:39:36.3886981Z Complete job name: Behavior portable serial 5
2026-10-01T03:39:36.4511109Z ##[group]Run actions/checkout@v6
2026-10-01T03:39:36.4511884Z with:
2026-10-01T03:39:36.4512246Z   fetch-depth: 0
2026-10-01T03:39:36.4512641Z   repository: mdc2122/firstmate
2026-10-01T03:39:36.4516047Z   token: ***
2026-10-01T03:39:36.4516454Z   ssh-strict: true
2026-10-01T03:39:36.4516849Z   ssh-user: git
2026-10-01T03:39:36.4517239Z   persist-credentials: true
2026-10-01T03:39:36.4517665Z   clean: true
2026-10-01T03:39:36.4518054Z   sparse-checkout-cone-mode: true
2026-10-01T03:39:36.4518522Z   fetch-tags: false
2026-10-01T03:39:36.4518954Z   show-progress: true
2026-10-01T03:39:36.4519349Z   lfs: false
2026-10-01T03:39:36.4519716Z   submodules: false
2026-10-01T03:39:36.4520113Z   set-safe-directory: true
2026-10-01T03:39:36.4520553Z   allow-unsafe-pr-checkout: false
2026-10-01T03:39:36.4521212Z ##[endgroup]
2026-10-01T03:39:36.5490678Z Syncing repository: mdc2122/firstmate
2026-10-01T03:39:36.5492966Z ##[group]Getting Git version info
2026-10-01T03:39:36.5494138Z Working directory is '/home/runner/work/firstmate/firstmate'
2026-10-01T03:39:36.5495632Z [command]/usr/bin/git version
2026-10-01T03:39:36.5568411Z git version 2.55.0
2026-10-01T03:39:36.5604814Z ##[endgroup]
2026-10-01T03:39:36.5614622Z Temporarily overriding HOME='/home/runner/work/_temp/e04ae64c-c8b8-4f0b-bfe9-9f280f371939' before making global git config changes
2026-10-01T03:39:36.5616925Z Adding repository directory to the temporary git global config as a safe directory
2026-10-01T03:39:36.5620571Z [command]/usr/bin/git config --global --add safe.directory /home/runner/work/firstmate/firstmate
2026-10-01T03:39:36.5676962Z Deleting the contents of '/home/runner/work/firstmate/firstmate'
2026-10-01T03:39:36.5681949Z ##[group]Determining repository object format
2026-10-01T03:39:36.5683966Z ##[endgroup]
2026-10-01T03:39:36.5684994Z ##[group]Initializing the repository
2026-10-01T03:39:36.5688692Z [command]/usr/bin/git init /home/runner/work/firstmate/firstmate
2026-10-01T03:39:36.6166260Z hint: Using 'master' as the name for the initial branch. This default branch name
2026-10-01T03:39:36.6168615Z hint: will change to "main" in Git 3.0. To configure the initial branch name
2026-10-01T03:39:36.6170225Z hint: to use in all of your new repositories, which will suppress this warning,
2026-10-01T03:39:36.6171417Z hint: call:
2026-10-01T03:39:36.6172165Z hint:
2026-10-01T03:39:36.6173065Z hint: 	git config --global init.defaultBranch <name>
2026-10-01T03:39:36.6174209Z hint:
2026-10-01T03:39:36.6175153Z hint: Names commonly chosen instead of 'master' are 'main', 'trunk' and
2026-10-01T03:39:36.6176696Z hint: 'development'. The just-created branch can be renamed via this command:
2026-10-01T03:39:36.6178015Z hint:
2026-10-01T03:39:36.6178892Z hint: 	git branch -m <name>
2026-10-01T03:39:36.6179811Z hint:
2026-10-01T03:39:36.6180974Z hint: Disable this message with "git config set advice.defaultBranchName false"
2026-10-01T03:39:36.6182821Z Initialized empty Git repository in /home/runner/work/firstmate/firstmate/.git/
2026-10-01T03:39:36.6185335Z [command]/usr/bin/git remote add origin https://github.com/mdc2122/firstmate
2026-10-01T03:39:36.6237363Z ##[endgroup]
2026-10-01T03:39:36.6238053Z ##[group]Disabling automatic garbage collection
2026-10-01T03:39:36.6241798Z [command]/usr/bin/git config --local gc.auto 0
2026-10-01T03:39:36.6275211Z ##[endgroup]
2026-10-01T03:39:36.6276471Z ##[group]Setting up auth
2026-10-01T03:39:36.6277104Z Removing SSH command configuration
2026-10-01T03:39:36.6282479Z [command]/usr/bin/git config --local --name-only --get-regexp core\.sshCommand
2026-10-01T03:39:36.6315061Z [command]/usr/bin/git submodule foreach --recursive sh -c "git config --local --name-only --get-regexp 'core\.sshCommand' && git config --local --unset-all 'core.sshCommand' || :"
2026-10-01T03:39:36.6662805Z Removing HTTP extra header
2026-10-01T03:39:36.6669577Z [command]/usr/bin/git config --local --name-only --get-regexp http\.https\:\/\/github\.com\/\.extraheader
2026-10-01T03:39:36.6708685Z [command]/usr/bin/git submodule foreach --recursive sh -c "git config --local --name-only --get-regexp 'http\.https\:\/\/github\.com\/\.extraheader' && git config --local --unset-all 'http.https://github.com/.extraheader' || :"
2026-10-01T03:39:36.6927744Z Removing includeIf entries pointing to credentials config files
2026-10-01T03:39:36.6933779Z [command]/usr/bin/git config --local --name-only --get-regexp ^includeIf\.gitdir:
2026-10-01T03:39:36.6970331Z [command]/usr/bin/git submodule foreach --recursive git config --local --show-origin --name-only --get-regexp remote.origin.url
2026-10-01T03:39:36.7201920Z [command]/usr/bin/git config --file /home/runner/work/_temp/git-credentials-00739f96-d5ab-4538-88c4-f57f71a7ba6b.config http.https://github.com/.extraheader AUTHORIZATION: basic ***
2026-10-01T03:39:36.7253000Z [command]/usr/bin/git config --local includeIf.gitdir:/home/runner/work/firstmate/firstmate/.git.path /home/runner/work/_temp/git-credentials-00739f96-d5ab-4538-88c4-f57f71a7ba6b.config
2026-10-01T03:39:36.7288431Z [command]/usr/bin/git config --local includeIf.gitdir:/home/runner/work/firstmate/firstmate/.git/worktrees/*.path /home/runner/work/_temp/git-credentials-00739f96-d5ab-4538-88c4-f57f71a7ba6b.config
2026-10-01T03:39:36.7326614Z [command]/usr/bin/git config --local includeIf.gitdir:/github/workspace/.git.path /github/runner_temp/git-credentials-00739f96-d5ab-4538-88c4-f57f71a7ba6b.config
2026-10-01T03:39:36.7361033Z [command]/usr/bin/git config --local includeIf.gitdir:/github/workspace/.git/worktrees/*.path /github/runner_temp/git-credentials-00739f96-d5ab-4538-88c4-f57f71a7ba6b.config
2026-10-01T03:39:36.7396188Z ##[endgroup]
2026-10-01T03:39:36.7397045Z ##[group]Fetching the repository
2026-10-01T03:39:36.7407754Z [command]/usr/bin/git -c protocol.version=2 fetch --no-tags --prune --no-recurse-submodules origin +refs/heads/*:refs/remotes/origin/* +refs/tags/*:refs/tags/* +3c4ca5e57a3dc72f3f4a3deb986a81930911cf37:refs/remotes/pull/21/merge
2026-10-01T03:39:38.7255918Z From https://github.com/mdc2122/firstmate
2026-10-01T03:39:38.7258131Z  * [new branch]        archive/yolo-automerge-pre-rebase-69ba8a11 -> origin/archive/yolo-automerge-pre-rebase-69ba8a11
2026-10-01T03:39:38.7260909Z  * [new branch]        feat/calm-omp-extension-20260915         -> origin/feat/calm-omp-extension-20260915
2026-10-01T03:39:38.7262845Z  * [new branch]        fix/calm-omp-typed-display               -> origin/fix/calm-omp-typed-display
2026-10-01T03:39:38.7264875Z  * [new branch]        fix/omp-bun-launcher-detection           -> origin/fix/omp-bun-launcher-detection
2026-10-01T03:39:38.7266613Z  * [new branch]        fm/afk-pi-wake-bypass-r1                 -> origin/fm/afk-pi-wake-bypass-r1
2026-10-01T03:39:38.7268218Z  * [new branch]        fm/calm-omp-global-10                    -> origin/fm/calm-omp-global-10
2026-10-01T03:39:38.7269834Z  * [new branch]        fm/calm-omp-toggle-fix                   -> origin/fm/calm-omp-toggle-fix
2026-10-01T03:39:38.7271537Z  * [new branch]        fm/ci-per-test-timeouts                  -> origin/fm/ci-per-test-timeouts
2026-10-01T03:39:38.7273285Z  * [new branch]        fm/composer-clobber-12                   -> origin/fm/composer-clobber-12
2026-10-01T03:39:38.7275596Z  * [new branch]        fm/contrib-converge-reraise              -> origin/fm/contrib-converge-reraise
2026-10-01T03:39:38.7277411Z  * [new branch]        fm/contrib-poll-retry-02                 -> origin/fm/contrib-poll-retry-02
2026-10-01T03:39:38.7279252Z  * [new branch]        fm/contributions-terminal-poll           -> origin/fm/contributions-terminal-poll
2026-10-01T03:39:38.7281164Z  * [new branch]        fm/firstmate-gate-opus-restore           -> origin/fm/firstmate-gate-opus-restore
2026-10-01T03:39:38.7283094Z  * [new branch]        fm/firstmate-pi-seat-policy              -> origin/fm/firstmate-pi-seat-policy
2026-10-01T03:39:38.7285895Z  * [new branch]        fm/fm-actionable-update-escalation-misclassification-r1 -> origin/fm/fm-actionable-update-escalation-misclassification-r1
2026-10-01T03:39:38.7289157Z  * [new branch]        fm/fm-actionable-update-escalation-misclassification-r3 -> origin/fm/fm-actionable-update-escalation-misclassification-r3
2026-10-01T03:39:38.7291742Z  * [new branch]        fm/fm-afk-pi-branch-both-postures-r1     -> origin/fm/fm-afk-pi-branch-both-postures-r1
2026-10-01T03:39:38.7293787Z  * [new branch]        fm/fm-audit-fixes-2-4                    -> origin/fm/fm-audit-fixes-2-4
2026-10-01T03:39:38.7386100Z  * [new branch]        fm/fm-branch-note-sailboat-r2            -> origin/fm/fm-branch-note-sailboat-r2
2026-10-01T03:39:38.7388504Z  * [new branch]        fm/fm-ci-lint-runner-oome                -> origin/fm/fm-ci-lint-runner-oome
2026-10-01T03:39:38.7389753Z  * [new branch]        fm/fm-composer-thin-adapter-refactor-r1  -> origin/fm/fm-composer-thin-adapter-refactor-r1
2026-10-01T03:39:38.7391056Z  * [new branch]        fm/fm-documentation-audience-cleanup-r1  -> origin/fm/fm-documentation-audience-cleanup-r1
2026-10-01T03:39:38.7392306Z  * [new branch]        fm/fm-flaky-serial-followup              -> origin/fm/fm-flaky-serial-followup
2026-10-01T03:39:38.7393353Z  * [new branch]        fm/fm-flaky-serial-shards                -> origin/fm/fm-flaky-serial-shards
2026-10-01T03:39:38.7395519Z  * [new branch]        fm/fm-herdr-contiguity-resume            -> origin/fm/fm-herdr-contiguity-resume
2026-10-01T03:39:38.7397611Z  * [new branch]        fm/fm-herdr-recovery-classifier-stale-agent-r1 -> origin/fm/fm-herdr-recovery-classifier-stale-agent-r1
2026-10-01T03:39:38.7399651Z  * [new branch]        fm/fm-needs-decision-main-only-r1        -> origin/fm/fm-needs-decision-main-only-r1
2026-10-01T03:39:38.7401515Z  * [new branch]        fm/fm-needs-decision-whole-batch-r1      -> origin/fm/fm-needs-decision-whole-batch-r1
2026-10-01T03:39:38.7404030Z  * [new branch]        fm/fm-nm-evidence-store-firstmate-r1     -> origin/fm/fm-nm-evidence-store-firstmate-r1
2026-10-01T03:39:38.7405834Z  * [new branch]        fm/fm-per-task-delivery-override-r1      -> origin/fm/fm-per-task-delivery-override-r1
2026-10-01T03:39:38.7407100Z  * [new branch]        fm/fm-public-stow-readbeforewrite-port-r1 -> origin/fm/fm-public-stow-readbeforewrite-port-r1
2026-10-01T03:39:38.7408595Z  * [new branch]        fm/fm-safe-auto-reboot-simple-r1         -> origin/fm/fm-safe-auto-reboot-simple-r1
2026-10-01T03:39:38.7409791Z  * [new branch]        fm/fm-secondmate-creation-record-intake-r1 -> origin/fm/fm-secondmate-creation-record-intake-r1
2026-10-01T03:39:38.7411202Z  * [new branch]        fm/fm-secondmate-parent-channel-structural-r1 -> origin/fm/fm-secondmate-parent-channel-structural-r1
2026-10-01T03:39:38.7412580Z  * [new branch]        fm/fm-secondmate-record-atomic-transitions-r1 -> origin/fm/fm-secondmate-record-atomic-transitions-r1
2026-10-01T03:39:38.7414047Z  * [new branch]        fm/fm-sessionstart-network-free-r1       -> origin/fm/fm-sessionstart-network-free-r1
2026-10-01T03:39:38.7415155Z  * [new branch]        fm/fm-shared-test-fixtures-r1            -> origin/fm/fm-shared-test-fixtures-r1
2026-10-01T03:39:38.7416233Z  * [new branch]        fm/fm-skill-frontmatter-desc-r1          -> origin/fm/fm-skill-frontmatter-desc-r1
2026-10-01T03:39:38.7417423Z  * [new branch]        fm/fm-supervision-pr-url-hallucination-r1 -> origin/fm/fm-supervision-pr-url-hallucination-r1
2026-10-01T03:39:38.7418645Z  * [new branch]        fm/fm-supervision-rearm-resurface-r1     -> origin/fm/fm-supervision-rearm-resurface-r1
2026-10-01T03:39:38.7419817Z  * [new branch]        fm/fm-supervision-refused-ack-loop-r1    -> origin/fm/fm-supervision-refused-ack-loop-r1
2026-10-01T03:39:38.7421060Z  * [new branch]        fm/fm-teardown-closes-captain-held-scout-r1 -> origin/fm/fm-teardown-closes-captain-held-scout-r1
2026-10-01T03:39:38.7422304Z  * [new branch]        fm/fm-teardown-slot-collision-fix-r1     -> origin/fm/fm-teardown-slot-collision-fix-r1
2026-10-01T03:39:38.7423604Z  * [new branch]        fm/fm-watcher-flap-autoarm-fix-r2        -> origin/fm/fm-watcher-flap-autoarm-fix-r2
2026-10-01T03:39:38.7424802Z  * [new branch]        fm/fm-watcher-hardening-r1               -> origin/fm/fm-watcher-hardening-r1
2026-10-01T03:39:38.7425826Z  * [new branch]        fm/fm-watcher-hardening-r2               -> origin/fm/fm-watcher-hardening-r2
2026-10-01T03:39:38.7426807Z  * [new branch]        fm/fm-watcher-hardening-r3               -> origin/fm/fm-watcher-hardening-r3
2026-10-01T03:39:38.7427724Z  * [new branch]        fm/fork-rebase-01                        -> origin/fm/fork-rebase-01
2026-10-01T03:39:38.7428813Z  * [new branch]        fm/herdr-workspace-contiguity-maintenance -> origin/fm/herdr-workspace-contiguity-maintenance
2026-10-01T03:39:38.7429996Z  * [new branch]        fm/muse-clobber-upstream-01              -> origin/fm/muse-clobber-upstream-01
2026-10-01T03:39:38.7430967Z  * [new branch]        fm/muse-never-clear-01                   -> origin/fm/muse-never-clear-01
2026-10-01T03:39:38.7431932Z  * [new branch]        fm/nm-fix-agent-model-09                 -> origin/fm/nm-fix-agent-model-09
2026-10-01T03:39:38.7433107Z  * [new branch]        fm/nm-required-exempt-release-please-r1  -> origin/fm/nm-required-exempt-release-please-r1
2026-10-01T03:39:38.7434481Z  * [new branch]        fm/omp-watch-session-generation          -> origin/fm/omp-watch-session-generation
2026-10-01T03:39:38.7435562Z  * [new branch]        fm/orca-cleanup-identity-06              -> origin/fm/orca-cleanup-identity-06
2026-10-01T03:39:38.7436701Z  * [new branch]        fm/reconcile-inactive-crew-investigate-s1 -> origin/fm/reconcile-inactive-crew-investigate-s1
2026-10-01T03:39:38.7437836Z  * [new branch]        fm/remote-omp-verify-07                  -> origin/fm/remote-omp-verify-07
2026-10-01T03:39:38.7438866Z  * [new branch]        fm/remote-omp-verify-07-forkbase         -> origin/fm/remote-omp-verify-07-forkbase
2026-10-01T03:39:38.7440026Z  * [new branch]        fm/remote-send-confirm-readback-fix-r1   -> origin/fm/remote-send-confirm-readback-fix-r1
2026-10-01T03:39:38.7441202Z  * [new branch]        fm/remote-send-delivery-delta-r1         -> origin/fm/remote-send-delivery-delta-r1
2026-10-01T03:39:38.7442358Z  * [new branch]        fm/secondmate-autonomous-supervision-s7  -> origin/fm/secondmate-autonomous-supervision-s7
2026-10-01T03:39:38.7443807Z  * [new branch]        fm/upstream-baseline-8d2ee291            -> origin/fm/upstream-baseline-8d2ee291
2026-10-01T03:39:38.7444802Z  * [new branch]        fm/upstream-sync-01                      -> origin/fm/upstream-sync-01
2026-10-01T03:39:38.7445724Z  * [new branch]        fm/watcher-arm-fix-01                    -> origin/fm/watcher-arm-fix-01
2026-10-01T03:39:38.7446753Z  * [new branch]        fm/watcher-stale-closed-terminal         -> origin/fm/watcher-stale-closed-terminal
2026-10-01T03:39:38.7447761Z  * [new branch]        fm/yolo-automerge                        -> origin/fm/yolo-automerge
2026-10-01T03:39:38.7448686Z  * [new branch]        fm/yolo-automerge-v2                     -> origin/fm/yolo-automerge-v2
2026-10-01T03:39:38.7449570Z  * [new branch]        main                                     -> origin/main
2026-10-01T03:39:38.7450402Z  * [new branch]        no-mistakes/evidence                     -> origin/no-mistakes/evidence
2026-10-01T03:39:38.7451403Z  * [new branch]        proto/herdr-child-workspaces             -> origin/proto/herdr-child-workspaces
2026-10-01T03:39:38.7452325Z  * [new ref]           3c4ca5e57a3dc72f3f4a3deb986a81930911cf37 -> pull/21/merge
2026-10-01T03:39:38.7454275Z ##[endgroup]
2026-10-01T03:39:38.7454951Z ##[group]Determining the checkout info
2026-10-01T03:39:38.7455715Z ##[endgroup]
2026-10-01T03:39:38.7456173Z [command]/usr/bin/git sparse-checkout disable
2026-10-01T03:39:38.7457403Z [command]/usr/bin/git config --local --unset-all extensions.worktreeConfig
2026-10-01T03:39:38.7458849Z ##[group]Checking out the ref
2026-10-01T03:39:38.7459496Z [command]/usr/bin/git checkout --progress --force refs/remotes/pull/21/merge
2026-10-01T03:39:38.8342776Z Note: switching to 'refs/remotes/pull/21/merge'.
2026-10-01T03:39:38.8343857Z 
2026-10-01T03:39:38.8344875Z You are in 'detached HEAD' state. You can look around, make experimental
2026-10-01T03:39:38.8345895Z changes and commit them, and you can discard any commits you make in this
2026-10-01T03:39:38.8346776Z state without impacting any branches by switching back to a branch.
2026-10-01T03:39:38.8347288Z 
2026-10-01T03:39:38.8347645Z If you want to create a new branch to retain commits you create, you may
2026-10-01T03:39:38.8348459Z do so (now or later) by using -c with the switch command. Example:
2026-10-01T03:39:38.8348916Z 
2026-10-01T03:39:38.8349125Z   git switch -c <new-branch-name>
2026-10-01T03:39:38.8349457Z 
2026-10-01T03:39:38.8349660Z Or undo this operation with:
2026-10-01T03:39:38.8349967Z 
2026-10-01T03:39:38.8350147Z   git switch -
2026-10-01T03:39:38.8350393Z 
2026-10-01T03:39:38.8350780Z Turn off this advice by setting config variable advice.detachedHead to false
2026-10-01T03:39:38.8351317Z 
2026-10-01T03:39:38.8351946Z HEAD is now at 3c4ca5e5 Merge 9a4ac89aacadb98f99d39810c634962c09c46d67 into 4cf7637bf3e284549c424af2e09bb63874c02520
2026-10-01T03:39:38.8360061Z ##[endgroup]
2026-10-01T03:39:38.8414361Z [command]/usr/bin/git log -1 --format=%H
2026-10-01T03:39:38.8444196Z 3c4ca5e57a3dc72f3f4a3deb986a81930911cf37
2026-10-01T03:39:38.8670384Z ##[group]Run set -eu
2026-10-01T03:39:38.8670958Z [36;1mset -eu[0m
2026-10-01T03:39:38.8671499Z [36;1mbin/fm-install-shellcheck.sh "$RUNNER_TEMP/bin"[0m
2026-10-01T03:39:38.8672207Z [36;1mecho "$RUNNER_TEMP/bin" >> "$GITHUB_PATH"[0m
2026-10-01T03:39:38.8922736Z shell: /usr/bin/bash -e {0}
2026-10-01T03:39:38.8923326Z ##[endgroup]
2026-10-01T03:39:39.1891235Z ShellCheck - shell script analysis tool
2026-10-01T03:39:39.1893205Z version: 0.11.0
2026-10-01T03:39:39.1894988Z license: GNU General Public License, version 3
2026-10-01T03:39:39.1896560Z website: https://www.shellcheck.net
2026-10-01T03:39:39.2033093Z ##[group]Run set -eu
2026-10-01T03:39:39.2034564Z [36;1mset -eu[0m
2026-10-01T03:39:39.2035971Z [36;1mbin/fm-install-actionlint.sh "$RUNNER_TEMP/bin"[0m
2026-10-01T03:39:39.2037822Z [36;1mecho "$RUNNER_TEMP/bin" >> "$GITHUB_PATH"[0m
2026-10-01T03:39:39.2115042Z shell: /usr/bin/bash -e {0}
2026-10-01T03:39:39.2116336Z ##[endgroup]
2026-10-01T03:39:39.3606049Z 1.7.12
2026-10-01T03:39:39.3607235Z installed by downloading from release page
2026-10-01T03:39:39.3608773Z built with go1.26.1 compiler for linux/amd64
2026-10-01T03:39:39.3710715Z ##[group]Run set -eu
2026-10-01T03:39:39.3711642Z [36;1mset -eu[0m
2026-10-01T03:39:39.3712544Z [36;1mcommand -v tmux >/dev/null || {[0m
2026-10-01T03:39:39.3714180Z [36;1m  echo "::error::tmux is required for real afk injection e2e coverage"[0m
2026-10-01T03:39:39.3715587Z [36;1m  exit 1[0m
2026-10-01T03:39:39.3716371Z [36;1m}[0m
2026-10-01T03:39:39.3717117Z [36;1mtmux -V[0m
2026-10-01T03:39:39.3784863Z shell: /usr/bin/bash -e {0}
2026-10-01T03:39:39.3785837Z ##[endgroup]
2026-10-01T03:39:39.5129544Z tmux 3.4
2026-10-01T03:39:39.5203596Z ##[group]Run set -eu
2026-10-01T03:39:39.5204478Z [36;1mset -eu[0m
2026-10-01T03:39:39.5205303Z [36;1mnpm install -g tasks-axi[0m
2026-10-01T03:39:39.5206303Z [36;1mtasks-axi --version[0m
2026-10-01T03:39:39.5271325Z shell: /usr/bin/bash -e {0}
2026-10-01T03:39:39.5272257Z ##[endgroup]
2026-10-01T03:39:40.8121446Z 
2026-10-01T03:39:40.8122470Z added 3 packages in 850ms
2026-10-01T03:39:40.8830386Z 0.2.6
2026-10-01T03:39:40.8921231Z ##[group]Run set -eu
2026-10-01T03:39:40.8921517Z [36;1mset -eu[0m
2026-10-01T03:39:40.8921732Z [36;1mnpm ci --prefix .opencode/plugins[0m
2026-10-01T03:39:40.8922123Z [36;1mnpm ls --prefix .opencode/plugins --depth 0 @earendil-works/pi-coding-agent[0m
2026-10-01T03:39:40.8922781Z [36;1mecho "FM_PI_PACKAGE_DIR=$GITHUB_WORKSPACE/.opencode/plugins/node_modules/@earendil-works/pi-coding-agent" >> "$GITHUB_ENV"[0m
2026-10-01T03:39:40.8923609Z [36;1mecho "$GITHUB_WORKSPACE/.opencode/plugins/node_modules/.bin" >> "$GITHUB_PATH"[0m
2026-10-01T03:39:40.8988067Z shell: /usr/bin/bash -e {0}
2026-10-01T03:39:40.8988325Z ##[endgroup]
2026-10-01T03:39:42.8895127Z npm warn deprecated node-domexception@1.0.0: Use your platform's native DOMException instead
2026-10-01T03:39:45.6485380Z 
2026-10-01T03:39:45.6486380Z added 122 packages, and audited 123 packages in 5s
2026-10-01T03:39:45.6486822Z 
2026-10-01T03:39:45.6487021Z 9 packages are looking for funding
2026-10-01T03:39:45.6511382Z   run `npm fund` for details
2026-10-01T03:39:45.6511800Z 
2026-10-01T03:39:45.6512006Z 1 high severity vulnerability
2026-10-01T03:39:45.6512270Z 
2026-10-01T03:39:45.6512445Z To address all issues, run:
2026-10-01T03:39:45.6512823Z   npm audit fix
2026-10-01T03:39:45.6513042Z 
2026-10-01T03:39:45.6513221Z Run `npm audit` for details.
2026-10-01T03:39:45.9502474Z plugins@ /home/runner/work/firstmate/firstmate/.opencode/plugins
2026-10-01T03:39:45.9503321Z └── @earendil-works/pi-coding-agent@0.99.1
2026-10-01T03:39:45.9503791Z 
2026-10-01T03:39:45.9658319Z ##[group]Run set -eu
2026-10-01T03:39:45.9658607Z [36;1mset -eu[0m
2026-10-01T03:39:45.9658835Z [36;1mmkdir -p "$RUNNER_TEMP/fm-test"[0m
2026-10-01T03:39:45.9659226Z [36;1m# The Pi package is installed above and CI provides npm and tsc, so[0m
2026-10-01T03:39:45.9659695Z [36;1m# any missing typecheck prerequisite is a broken lane, not a valid skip.[0m
2026-10-01T03:39:45.9660092Z [36;1mbin/fm-test-run.sh --lane "$FM_SERIAL_LANE" \[0m
2026-10-01T03:39:45.9660472Z [36;1m  --per-script-timeout-secs auto --retry-infra-flakes \[0m
2026-10-01T03:39:45.9660900Z [36;1m  --fail-on-gate-skip 'Pi extension typecheck prerequisite not found' \[0m
2026-10-01T03:39:45.9661377Z [36;1m  --json "$RUNNER_TEMP/fm-test/fm-test-timing-portable-serial-${FM_SERIAL_SHARD}.json"[0m
2026-10-01T03:39:45.9724142Z shell: /usr/bin/bash -e {0}
2026-10-01T03:39:45.9724389Z env:
2026-10-01T03:39:45.9724871Z   FM_PI_PACKAGE_DIR: /home/runner/work/firstmate/firstmate/.opencode/plugins/node_modules/@earendil-works/pi-coding-agent
2026-10-01T03:39:45.9725355Z   FM_TEST_STEP_BUDGET_SECS: 2340
2026-10-01T03:39:45.9725611Z   FM_SERIAL_LANE: portable-serial-5of5
2026-10-01T03:39:45.9725861Z   FM_SERIAL_SHARD: 5
2026-10-01T03:39:45.9726403Z   FM_TEST_FAILURE_EVIDENCE_DIR: /home/runner/work/_temp/fm-test/failure-evidence
2026-10-01T03:39:45.9726746Z ##[endgroup]
2026-10-01T03:39:46.9351840Z FM_TEST_BEGIN 2026-10-01T03:39:46Z tests/fm-backlog-atomicity.test.sh family=session-bootstrap expected_gate_skip=none
2026-10-01T03:39:47.0348105Z ok - backend resolution preserves unreadable configuration errors for every caller
2026-10-01T03:39:47.0763663Z ok - backend resolution preserves environment, project, user, and default precedence
2026-10-01T03:39:47.3122598Z ok - backlog readers and mutations refuse unresolved backends without touching either backlog
2026-10-01T03:39:50.3760512Z ok - captain hold refuses backend errors and preserves relocated addressing for valid configuration
2026-10-01T03:39:53.9335660Z ok - dispatch publishes the record and moves the backlog item In flight in one run
2026-10-01T03:39:57.1088941Z ok - dispatch omits the markdown file when probing a Beads backlog
2026-10-01T03:40:00.0446665Z ok - a leftover markdown symlink does not brick a Beads home's dispatch
2026-10-01T03:40:01.6917282Z ok - completion applies and closes a Beads backlog without any markdown file
2026-10-01T03:40:02.7243836Z ok - dispatch refuses to supersede a pending authoritative close
2026-10-01T03:40:03.6699523Z ok - dispatch refuses held rows before creating resources
2026-10-01T03:40:04.6712240Z ok - dispatch refuses dependency-blocked rows before creating resources
2026-10-01T03:40:05.7387162Z ok - dispatch refuses held In-flight rows before relaunch
2026-10-01T03:40:09.3058120Z ok - dispatch reads backlog rows from the backlog addressing root
2026-10-01T03:40:10.6356364Z ok - recovery uses the parent of a trailing-slash data record
2026-10-01T03:40:12.9180118Z ok - completion targets nested relative data from the caller directory
2026-10-01T03:40:18.5563068Z ok - an immediate-child absolute data path keeps one paired backlog
2026-10-01T03:40:24.1236857Z ok - bare relative data addresses one backlog through dispatch and completion
2026-10-01T03:40:24.7562172Z ok - dispatch refuses symlinked backlogs without crossing homes
2026-10-01T03:40:25.9030468Z ok - automatic homes refuse lifecycle mutation without compatible tasks-axi
2026-10-01T03:40:26.2819009Z ok - dispatch refuses an unresolvable backlog data directory
2026-10-01T03:40:26.7366050Z ok - completion refuses before mutation when backlog data is unresolvable
2026-10-01T03:40:27.5165632Z ok - dispatch refuses, before creating anything, when the home has no item for the id
2026-10-01T03:40:28.3493799Z ok - dispatch distinguishes backlog read failures from missing items
2026-10-01T03:40:29.3322372Z ok - dispatch refuses a closed item instead of silently reopening it
2026-10-01T03:40:31.5798621Z ok - dispatch cannot commit without a verified task-record publication
2026-10-01T03:40:35.4702694Z ok - a failed backlog transition fails the dispatch loudly and leaves no record
2026-10-01T03:40:39.4387938Z ok - dispatch reports when failed-transition rollback cannot remove its record
2026-10-01T03:40:43.3494866Z ok - dispatch verifies both task and busy records during rollback
2026-10-01T03:40:44.3930178Z ok - dispatch commits neither record nor backlog state before launch delivery succeeds
2026-10-01T03:40:52.6393934Z ok - dispatch retries interrupted transitions before honoring termination
2026-10-01T03:40:56.6809879Z ok - a signal-deferred spawn verifies its preserved state and repairs a row that did not move
2026-10-01T03:41:00.6146638Z ok - a signal-deferred spawn reports attempted preservation as attempted when it cannot be verified
2026-10-01T03:41:07.5232311Z ok - a signal-deferred spawn bounds its verification so an unresponsive tasks-axi cannot hold the meta lock forever
2026-10-01T03:41:07.5759391Z /home/runner/work/firstmate/firstmate/bin/fm-backlog-transition-lib.sh: line 80: dirname: command not found
2026-10-01T03:41:07.5763840Z /home/runner/work/firstmate/firstmate/bin/fm-backlog-transition-lib.sh: line 80: /home/runner/work/firstmate/firstmate/fm-timeout-lib.sh: No such file or directory
2026-10-01T03:41:09.6453691Z ok - fm_tasks_axi bounds the call through its perl watchdog when no timeout binary exists
2026-10-01T03:41:09.7017021Z /home/runner/work/firstmate/firstmate/bin/fm-backlog-transition-lib.sh: line 80: dirname: command not found
2026-10-01T03:41:09.7020969Z /home/runner/work/firstmate/firstmate/bin/fm-backlog-transition-lib.sh: line 80: /home/runner/work/firstmate/firstmate/fm-timeout-lib.sh: No such file or directory
2026-10-01T03:41:09.7658355Z ok - fm_tasks_axi's perl watchdog passes the child status and output through unchanged
2026-10-01T03:41:09.8206041Z /home/runner/work/firstmate/firstmate/bin/fm-backlog-transition-lib.sh: line 80: dirname: command not found
2026-10-01T03:41:09.8211856Z /home/runner/work/firstmate/firstmate/bin/fm-backlog-transition-lib.sh: line 80: /home/runner/work/firstmate/firstmate/fm-timeout-lib.sh: No such file or directory
2026-10-01T03:41:09.8244188Z ok - fm_tasks_axi fails closed rather than running unbounded when no bounding mechanism exists
2026-10-01T03:41:09.8780807Z /home/runner/work/firstmate/firstmate/bin/fm-backlog-transition-lib.sh: line 80: dirname: command not found
2026-10-01T03:41:09.8784614Z /home/runner/work/firstmate/firstmate/bin/fm-backlog-transition-lib.sh: line 80: /home/runner/work/firstmate/firstmate/fm-timeout-lib.sh: No such file or directory
2026-10-01T03:41:13.8828230Z ok - fm_tasks_axi's GNU timeout kills a child that ignores SIGTERM after one further bound
2026-10-01T03:41:14.3357389Z ok - Kimi readiness interruptions fail before backlog commit
2026-10-01T03:41:18.2388997Z ok - dispatch does not resurrect a row closed after preflight
2026-10-01T03:41:22.0247856Z ok - dispatch fails when its backlog row vanishes after preflight
2026-10-01T03:41:24.3005970Z ok - completion closes a local-only ship, with its landing note, before reporting success
2026-10-01T03:41:27.1580036Z ok - completion closes a scout item against its report
2026-10-01T03:41:27.8971016Z ok - completion leaves legacy records open when no incarnation can be recorded
2026-10-01T03:41:28.6926857Z ok - completion refuses ambiguous task incarnations
2026-10-01T03:41:31.6552213Z ok - completion records relocated scout reports relative to the backlog root
2026-10-01T03:41:35.3795733Z ok - space-containing scout report paths round-trip through recovery
2026-10-01T03:41:35.9120759Z ok - control-byte data paths fail closed before paired transitions
2026-10-01T03:41:36.4651926Z ok - unreplayable data paths are refused before destructive cleanup
2026-10-01T03:41:38.3470205Z ok - completion preserves recovery state when task-record removal fails
2026-10-01T03:41:40.3267653Z ok - completion refuses to report success while its item is still open, and records what it owes
2026-10-01T03:41:47.5244732Z ok - restart recovers closes recorded before destructive cleanup
2026-10-01T03:41:49.2456321Z ok - completion refuses directory-symlink close targets
2026-10-01T03:41:51.5230071Z ok - completion reports failure until its durable close marker is removed
2026-10-01T03:41:53.9237027Z ok - session start retries a close whose marker could not be removed
2026-10-01T03:41:55.3752092Z ok - session start reports owned backlog rows it cannot read
2026-10-01T03:41:57.2088467Z ok - Orca cleanup recovery is excluded from backlog lifecycle transitions
2026-10-01T03:41:58.5223624Z ok - session start marks an item In flight when this home already owns a worker for it
2026-10-01T03:41:58.7602194Z ok - session start rejects internal worker-record symlinks
2026-10-01T03:41:58.9840988Z ok - session start rejects symlinked worker records
2026-10-01T03:42:00.4961231Z ok - session start finishes a close an interrupted cleanup recorded but never landed
2026-10-01T03:42:02.0100662Z ok - recovery backfills recorded links onto already Done items
2026-10-01T03:42:04.2169130Z ok - session start preserves a pending close across a transient backlog read failure
2026-10-01T03:42:06.5032577Z ok - recovery preserves incomplete-cleanup evidence across a failed replay
2026-10-01T03:42:08.3874048Z ok - session start finishes a close for the matching meta incarnation
2026-10-01T03:42:09.5478399Z ok - recovery preserves closes for ambiguous task incarnations
2026-10-01T03:42:12.3351459Z ok - recovery preserves both records when meta removal fails
2026-10-01T03:42:13.1738294Z ok - recovery preserves closes beside symlinked metadata
2026-10-01T03:42:14.3096475Z ok - recovery binds close-marker identity to its locked filename
2026-10-01T03:42:15.6042911Z ok - recovery rejects close markers targeting another home's data
2026-10-01T03:42:16.5776854Z ok - recovery validates an unterminated final marker field
2026-10-01T03:42:17.6538441Z ok - recovery rejects lexical traversal before resolving marker data
2026-10-01T03:42:18.7345005Z ok - recovery rejects marker control bytes before parsing
2026-10-01T03:42:20.2920312Z ok - recovery rejects malformed PR URL values
2026-10-01T03:42:21.3010727Z ok - a retained pending close is never started by reconciliation
2026-10-01T03:42:22.2737541Z ok - recovery rejects close-marker arguments outside its protocol
2026-10-01T03:42:22.5650817Z ok - recovery reports and rejects dangling symlink close markers
2026-10-01T03:42:23.8757168Z ok - session start drops a close recorded for an older meta incarnation
2026-10-01T03:42:24.9072421Z ok - session start rejects an unversioned close marker
2026-10-01T03:42:25.6850145Z ok - bootstrap rechecks worker-record containment after locking
2026-10-01T03:42:26.4487041Z ok - lifecycle files reject ancestor symlinks outside home roots
2026-10-01T03:42:27.6536212Z ok - same-home state overrides remain supported
2026-10-01T03:42:27.9087895Z ok - bootstrap refuses symlinked state before reconciliation
2026-10-01T03:42:28.4531375Z ok - bootstrap stops when backlog data disappears before reconciliation
2026-10-01T03:42:29.4379361Z ok - bootstrap preserves secondmate, manual, and absent-backlog exemptions
2026-10-01T03:42:30.5600549Z ok - session start leaves a captain-held item where the captain put it
2026-10-01T03:42:30.7470004Z ok - no-backlog teardown refuses symlinked records before resource actions
2026-10-01T03:42:31.0570912Z ok - teardown rechecks record parents after locking
2026-10-01T03:42:31.1648554Z ok - teardown refuses symlinked state before resource actions
2026-10-01T03:42:35.3289478Z ok - a home with no backlog remains exempt from lifecycle transitions
2026-10-01T03:42:35.7850565Z ok - spawn refuses a special-file tasks-axi config instead of blocking on it
2026-10-01T03:42:36.1877265Z ok - spawn refuses an unsafe tasks-axi config before any exemption is derived from it
2026-10-01T03:42:36.6241708Z ok - spawn refuses a data directory symlinked outside the home
2026-10-01T03:42:37.0770273Z ok - a configured adapter refuses a data directory outside the home
2026-10-01T03:42:45.0382273Z ok - dispatch and completion transition structurally with evidence
2026-10-01T03:42:50.0387651Z ok - refused teardown leaves the backlog item in flight
2026-10-01T03:42:53.0723942Z ok - environment-selected adapters bypass the legacy markdown file override
2026-10-01T03:42:57.1362541Z ok - a manual-backlog home dispatches and completes without a hard failure
2026-10-01T03:43:02.9146978Z ok - a secondmate home keeps its own books paired through dispatch and completion
2026-10-01T03:43:04.4730272Z ok - dispatching a persistent secondmate needs no backlog item
2026-10-01T03:43:05.5256051Z FM_TEST_END 2026-10-01T03:43:05Z tests/fm-backlog-atomicity.test.sh exit=0 duration_ms=198581 gate_skip=false
2026-10-01T03:43:05.5468917Z FM_TEST_BEGIN 2026-10-01T03:43:05Z tests/fm-session-start.test.sh family=session-bootstrap expected_gate_skip=none
2026-10-01T03:43:06.5153832Z ok - context digest distinguishes ABSENT, empty-but-present, and populated files
2026-10-01T03:43:07.0918056Z ok - a lock refusal prints a loud read-only banner, skips every mutating step, and still completes the digest
2026-10-01T03:43:07.4184298Z ok - session start stays read-only when lock ownership cannot be published
2026-10-01T03:43:09.3721652Z ok - locked session start freezes trace context and lock refusal leaves it unchanged
2026-10-01T03:43:27.4347146Z ok - concurrent session-lock acquisition admits exactly one live harness
2026-10-01T03:43:31.9171804Z ok - digest sections are ordered safety-preamble first, live fleet state before curated memory
2026-10-01T03:43:32.7430838Z ok - the read-once contract is stated once, ahead of the sources it governs
2026-10-01T03:43:34.8746756Z ok - session start: configured and auto-detected Herdr homes never require tmux
2026-10-01T03:43:41.2076087Z ok - session start: an absent recorded tmux window relaunches its Pi secondmate exactly once, off the blocking path
2026-10-01T03:43:45.5807365Z ok - session start: a deferred relaunch is always reported, so the digest's stale endpoint record cannot stand
2026-10-01T03:43:48.4717293Z ok - session start: inactive reconciliation runs after the digest and retains its durable wake
2026-10-01T03:44:04.9643637Z ok - session start: an unreachable host delays a reported check, not the digest
2026-10-01T03:44:17.2561453Z ok - session start: a deferred result the digest outran still reaches the agent as a wake
2026-10-01T03:44:17.5360804Z ok - session start: a read-only session declares its skipped network checks rather than dropping them
2026-10-01T03:44:18.4517435Z ok - session start: the tasks-axi compatibility verdict is computed once and reused
2026-10-01T03:44:22.8304975Z ok - session start: an existing ambiguous Pi process prevents duplicate recovery
2026-10-01T03:44:27.1217864Z ok - session start: transient tmux unreadability never licenses a relaunch
2026-10-01T03:44:31.3422928Z ok - session start: the proven bare-shell recovery path remains intact
2026-10-01T03:44:35.5318927Z ok - session start: a confirmed Herdr husk is closed and relaunched
2026-10-01T03:44:38.3625299Z ok - status tail is bounded to the configured line count, with the full log path always printed
2026-10-01T03:44:39.8807421Z ok - status tail lines are capped with a truncation marker while the full log stays reachable
2026-10-01T03:44:41.6857927Z ok - orphan status logs are printed once with bounded tails
2026-10-01T03:44:43.1476936Z ok - tmux endpoint liveness is reported per task: alive for a live window, dead for a gone one
2026-10-01T03:44:44.4230831Z ok - herdr endpoint liveness is reported per task: alive for a live pane, dead for a gone one
2026-10-01T03:44:48.9135018Z ok - fm-session-start.sh composes the real fm-lock.sh, fm-bootstrap.sh, and fm-wake-drain.sh output verbatim
2026-10-01T03:44:52.9028385Z ok - locked Pi session start replays leading routine outcomes, preserves the captain barrier, and sweeps only dead leases
2026-10-01T03:44:53.8587467Z ok - non-Pi session start neither sweeps nor replays Pi branch state
2026-10-01T03:44:55.4071854Z ok - compatible tasks-axi backlog rendering drops done rows and keeps every in-flight, held, and blocked row
2026-10-01T03:44:56.3919257Z ok - the startup backlog bound cuts only dispatchable queued rows and discloses the remainder exactly
2026-10-01T03:44:57.3362679Z ok - manual backlog rendering drops done rows, keeps every held or blocked title line, and bounds the rest
2026-10-01T03:44:58.2707107Z ok - unavailable or incompatible tasks-axi falls back to compact manual backlog rendering
2026-10-01T03:44:59.1687309Z ok - an empty fleet reports (none) for in-flight tasks and an absent AFK flag
2026-10-01T03:45:00.2820884Z ok - session start emits X-mode cadence guidance in the harness supervision block
2026-10-01T03:45:01.1743867Z ok - next step delegates watcher ownership to the AFK daemon
2026-10-01T03:45:02.0934438Z ok - next step delegates watcher ownership to the daemon in quiet mode, distinctly from away mode
2026-10-01T03:45:02.9618930Z ok - a legacy empty .afk flag (written before mode existed) still reads as away mode
2026-10-01T03:45:03.9544667Z ok - session start emits exactly one detected harness block and reports Pi extension load state
2026-10-01T03:45:04.9529622Z ok - session start preserves pi-signed primary identity while applying Pi extension guarantees
2026-10-01T03:45:06.2745009Z ok - session start rejects stale Pi loaded markers
2026-10-01T03:45:07.4989258Z ok - session start accepts current Pi markers written before lock acquisition
2026-10-01T03:45:08.4484646Z ok - session start emits the omp block and reports omp extension load state
2026-10-01T03:45:09.5311227Z ok - session start accepts current omp markers written before lock acquisition
2026-10-01T03:45:10.7506421Z ok - session start rejects Pi sessions missing the turn-end guard marker
2026-10-01T03:45:11.9445438Z ok - session start rejects Pi loaded markers from previous sessions
2026-10-01T03:45:46.3145574Z ok - the pure-Bash watchdog bounds session start, kills its hung grandchild, and emits the truncation contract
2026-10-01T03:45:48.3527607Z ok - the portable timeout path force-kills a command that ignores TERM
2026-10-01T03:45:49.2467337Z ok - a session start inside its budget prints no truncation banner
2026-10-01T03:45:51.4860779Z ok - the runtime bound leaves enough ancestry headroom for a deeply nested session to take the lock
2026-10-01T03:45:55.2656543Z ok - --reemit reprints the digest without repeating startup's mutating sweeps and still drains queued wakes
2026-10-01T03:46:07.2856383Z ok - true-start AGENTS baselines stay immutable while every drifted Pi compact re-emits the current contract
2026-10-01T03:46:09.8513608Z ok - read-only Pi compact refreshes against the rebuilding session identity without mutation
2026-10-01T03:46:13.8626136Z ok - Codex reset sources do not claim an unavailable instruction-refresh channel
2026-10-01T03:46:18.4610909Z ok - instruction baselines require SHA-256 and successful startup completion
2026-10-01T03:46:19.5229564Z ok - --reemit re-verifies lock ownership and keeps repair ownership with whoever holds it
2026-10-01T03:46:19.5230246Z # fm-session-start.test.sh: all assertions passed
2026-10-01T03:46:19.9884824Z FM_TEST_END 2026-10-01T03:46:19Z tests/fm-session-start.test.sh exit=0 duration_ms=194433 gate_skip=false
2026-10-01T03:46:20.0109596Z FM_TEST_BEGIN 2026-10-01T03:46:19Z tests/fm-watcher-lock.test.sh family=watcher-wake-lock expected_gate_skip=none
2026-10-01T03:46:20.4144813Z ok - simultaneous watcher starts leave exactly one live process
2026-10-01T03:46:20.5299292Z ok - fm_pid_identity real ps fallback is locale-invariant
2026-10-01T03:46:20.5300478Z ok - fm_pid_identity is locale-invariant across LC_ALL/LC_TIME
2026-10-01T03:46:20.5701818Z ok - /proc process identity ignores simulated btime changes
2026-10-01T03:46:20.5849184Z ok - /proc process identity detects pid reuse
2026-10-01T03:46:20.5861425Z ok - MSYS /proc process identity regression skipped on non-Windows host
2026-10-01T03:46:21.0052244Z ok - killed watcher stale lock is reclaimed
2026-10-01T03:46:21.0971988Z tests/fm-watcher-lock.test.sh: line 1109: 234381 Killed                  FM_STATE_OVERRIDE="$state" bash -c '
2026-10-01T03:46:21.0972910Z     . "$1"
2026-10-01T03:46:21.0973119Z     fm_lock_remove_path() {
2026-10-01T03:46:21.0973340Z       if [ "$1" = "$STATE/.watch.lock" ]; then
2026-10-01T03:46:21.0973907Z         kill -KILL "${BASHPID:-$$}"
2026-10-01T03:46:21.0974152Z       fi
2026-10-01T03:46:21.0974338Z       return 1
2026-10-01T03:46:21.0974512Z     }
2026-10-01T03:46:21.0974686Z     fm_lock_try_acquire "$2"
2026-10-01T03:46:21.0974881Z   ' _ "$LIB" "$lockdir" > /dev/null 2>&1
2026-10-01T03:46:21.2873308Z ok - stale watcher reclaim publishes durable recovery evidence before clear
2026-10-01T03:46:21.4763149Z ok - live watcher lock with stale heartbeat is actionable
2026-10-01T03:46:22.3122455Z ok - guard banner leads when down with pending wakes (repair-after-drain) and stays silent when live and fresh
2026-10-01T03:46:23.6348433Z ok - concurrent fm_lock_try_acquire yields exactly one winner
2026-10-01T03:46:23.7222804Z ok - dead-pid stale lock is reclaimed by a single acquirer
2026-10-01T03:46:25.3734233Z ok - concurrent stale-lock steal yields exactly one winner
2026-10-01T03:46:27.4246999Z ok - live steal mutex is not reclaimed
2026-10-01T03:46:27.4565814Z ok - live-held lock is not stolen
2026-10-01T03:46:28.6302813Z ok - bounded acquire accepts a lock already handed over to its caller
2026-10-01T03:46:28.6600956Z ok - empty mid-acquire lock keeps a minimum grace
2026-10-01T03:46:28.7842484Z ok - late original claimant cannot claim a recreated lock
2026-10-01T03:46:28.8710863Z ok - paused mid-acquire claimant backs off to active stealer
2026-10-01T03:46:29.5555109Z ok - watch restart preserves recovery without signaling a reused pid
2026-10-01T03:46:37.1305688Z ok - watch restart attaches to a verified healthy peer and later surfaces a successor gap
2026-10-01T03:46:37.4596033Z ok - watcher self-evicts when the lock pid no longer names it
2026-10-01T03:47:08.3310055Z ok - arm turns clean self-eviction without a successor into a typed failure
2026-10-01T03:47:10.1559275Z ok - arm attaches to a live fresh watcher and fails loudly when that cycle has no successor
2026-10-01T03:47:15.7566172Z ok - attached arm signals record a classified lifecycle entry
2026-10-01T03:47:17.1748746Z ok - arm starts cleanly and resurfaces recovery after a dead-pid lock
2026-10-01T03:47:17.7173619Z ok - arm cleans child watcher and temp output on HUP
2026-10-01T03:47:18.9531977Z WAKE_ACK_REQUIRED: after handling completes run bin/fm-wake-drain.sh --ack-through 1 --recovery-generation 247750.1790826438.22L663
2026-10-01T03:47:19.4157214Z ●━━━━━━━━━━━━━━━━━━━━━━━━━━━━━━━━━━━━━━━━━━━━━━━━━━━━━━━━━━━━━━━━━━━━━━━
2026-10-01T03:47:19.4157639Z ●  WATCHER DOWN - SUPERVISION IS OFF
2026-10-01T03:47:19.4163666Z ●  1 registered custom check(s), but no live watcher process holds this home lock (last beat: 1s ago).
2026-10-01T03:47:19.4164459Z ●  Trust the emitted supervision protocol for this harness; do not use shell & for watcher repair.
2026-10-01T03:47:19.4165199Z ●  This is a supervision warning only; the guarded operation WILL still run.
2026-10-01T03:47:19.4166216Z ●  After draining queued wakes, repair missing watcher supervision according to the session-start block for this harness; do not use shell &.
2026-10-01T03:47:19.4167179Z ●━━━━━━━━━━━━━━━━━━━━━━━━━━━━━━━━━━━━━━━━━━━━━━━━━━━━━━━━━━━━━━━━━━━━━━━
2026-10-01T03:47:19.4167866Z WARNING: queued wakes pending - drain them with bin/fm-wake-drain.sh before anything else.
2026-10-01T03:47:19.4195410Z ok - arm propagates an immediate watcher wake before confirmation
2026-10-01T03:47:50.1664022Z ok - arm attaches to a peer watcher after child stands down and surfaces a missing successor
2026-10-01T03:47:50.3602932Z watcher: lock held by live pid 250388 but heartbeat is stale for 844141670s (>300s); inspect or stop that watcher before re-arming.
2026-10-01T03:47:50.5163756Z ok - arm reports FAILED and exits non-zero when no fresh watcher can be confirmed
2026-10-01T03:48:04.3607871Z ok - cycle-exit ledger links a verified successor and remains size-capped
2026-10-01T03:48:04.9343241Z ok - SIGSTOP distinguishes live PID from stale beacon and termination records the exit class
2026-10-01T03:48:05.2576846Z not ok - watcher left a corpse .watch.lock after TERM during the marker wait
2026-10-01T03:48:35.0013744Z FM_TEST_END 2026-10-01T03:48:34Z tests/fm-watcher-lock.test.sh exit=1 duration_ms=134986 gate_skip=false
2026-10-01T03:48:35.0240022Z FM_TEST_BEGIN 2026-10-01T03:48:35Z tests/fm-remote-secondmate-trace-context.test.sh family=secondmate expected_gate_skip=none
2026-10-01T03:48:57.7864709Z ok - disabled: a remote-routed second mate records and receives no carrier and stays enabled-off end to end
2026-10-01T03:49:12.2945879Z ok - enabled: a remote-routed second mate receives one carrier in its pane, identical to the parent's recorded identity, before launch
2026-10-01T03:49:27.0228242Z ok - relaunch: a remote-routed second mate keeps one stable identity across restarts
2026-10-01T03:49:43.1184339Z ok - boundary: each remote-routed second mate roots its own trace and never adopts the spawning environment's carrier
2026-10-01T03:49:43.3045449Z ok - allowlist: the remote receiver accepts exactly the declared inherited-material set, including the enablement flag
2026-10-01T03:49:43.5423264Z ok - delivery: a parent-supplied carrier is accepted only for a secondmate launch and only as a strict W3C value
2026-10-01T03:49:43.5424720Z ALL TESTS PASSED
2026-10-01T03:49:50.8944853Z FM_TEST_END 2026-10-01T03:49:50Z tests/fm-remote-secondmate-trace-context.test.sh exit=0 duration_ms=75862 gate_skip=false
2026-10-01T03:49:50.9176024Z FM_TEST_BEGIN 2026-10-01T03:49:50Z tests/fm-startup-network.test.sh family=session-bootstrap expected_gate_skip=none
2026-10-01T03:49:52.3829008Z ok - fm-startup-network: wait fails when no deferred stage publishes before its deadline
2026-10-01T03:50:04.0947719Z ok - fm-startup-network: start returns immediately and never holds the caller's stdout open
2026-10-01T03:50:07.3373837Z ok - fm-startup-network: exactly one of the digest and the wake reports each actionable result
2026-10-01T03:50:08.9549870Z ok - fm-startup-network: a claimant crash after publication still surfaces the result
2026-10-01T03:50:10.7877509Z ok - fm-startup-network: a report-publication failure is failed, diagnosed, and still wakes
2026-10-01T03:50:13.5572704Z ok - fm-startup-network: silent and explicitly informational successes never queue a main-blocking wake
2026-10-01T03:50:15.2859274Z ok - fm-startup-network: an actionable state=done report still queues a wake
2026-10-01T03:50:18.5099657Z ok - fm-startup-network: deferred invalid secondmate markers produce durable wakes
2026-10-01T03:50:20.4924337Z ok - fm-startup-network: manual callers cannot forge mutation authority
2026-10-01T03:50:23.3747917Z ok - fm-startup-network: an aggregate bound turns a wedged sweep into an actionable line
2026-10-01T03:50:23.8826604Z ok - fm-startup-network: an abandoned run reports as needing a rerun, never as in progress forever
2026-10-01T03:50:25.6991880Z ok - fm-startup-network: locked requests supersede in-flight probe-only workers
2026-10-01T03:50:33.6391136Z ok - fm-startup-network: a second start never launches a competing worker
2026-10-01T03:50:39.4296133Z ok - fm-startup-network: start atomically reserves the generation harvest observes
2026-10-01T03:50:42.4178713Z ok - fm-startup-network: a new lock owner gets a distinct worker generation
2026-10-01T03:50:50.1486299Z ok - fm-startup-network: fleet-lock takeover cannot overlap a mutating sweep
2026-10-01T03:50:50.1756371Z ok - fm-startup-network: timing records share one origin so their offsets form a timeline
2026-10-01T03:50:51.3614237Z ok - fm-startup-network: timings are durable and printed only on demand
2026-10-01T03:50:53.4056506Z ok - fm-startup-network: a timed-out run still publishes the partial timings it recorded
2026-10-01T03:50:54.3948463Z ok - fm-startup-network: the timing artifact cannot carry a command line or forge records
2026-10-01T03:50:54.3968686Z # fm-startup-network.test.sh: all assertions passed
2026-10-01T03:50:54.5288800Z FM_TEST_END 2026-10-01T03:50:54Z tests/fm-startup-network.test.sh exit=0 duration_ms=63599 gate_skip=false
2026-10-01T03:50:54.5681060Z FM_TEST_BEGIN 2026-10-01T03:50:54Z tests/fm-secondmate-safety.test.sh family=secondmate expected_gate_skip=none
2026-10-01T03:50:57.2885167Z ok - FM_HOME parameterizes data and state paths
2026-10-01T03:50:57.3325633Z ok - fm-lock status is scoped per home
2026-10-01T03:50:57.7546958Z Note: switching to '3c4ca5e57a3dc72f3f4a3deb986a81930911cf37'.
2026-10-01T03:50:57.7560778Z 
2026-10-01T03:50:57.7584690Z You are in 'detached HEAD' state. You can look around, make experimental
2026-10-01T03:50:57.7604303Z changes and commit them, and you can discard any commits you make in this
2026-10-01T03:50:57.7674905Z state without impacting any branches by switching back to a branch.
2026-10-01T03:50:57.7704717Z 
2026-10-01T03:50:57.7754919Z If you want to create a new branch to retain commits you create, you may
2026-10-01T03:50:57.7811275Z do so (now or later) by using -c with the switch command. Example:
2026-10-01T03:50:57.7814006Z 
2026-10-01T03:50:57.7814474Z   git switch -c <new-branch-name>
2026-10-01T03:50:57.7814931Z 
2026-10-01T03:50:57.7815240Z Or undo this operation with:
2026-10-01T03:50:57.7815619Z 
2026-10-01T03:50:57.7816236Z   git switch -
2026-10-01T03:50:57.7816556Z 
2026-10-01T03:50:57.7817025Z Turn off this advice by setting config variable advice.detachedHead to false
2026-10-01T03:50:57.7817650Z 
2026-10-01T03:50:59.7114036Z ok - seed allows overlapping project clone lists and drops the owns/owner routing
2026-10-01T03:50:59.7792777Z ok - home-seed validation rejects registry records no operational parser can consume
2026-10-01T03:50:59.9890675Z ok - home seeding refuses broken registry symlinks before provisioning
2026-10-01T03:51:00.1955033Z ok - home seeding refuses unreadable registries before provisioning
2026-10-01T03:51:00.2590711Z ok - home seed validation rejects duplicate home routes
2026-10-01T03:51:00.3517565Z ok - home seed validation rejects duplicate id routes
2026-10-01T03:51:00.4507983Z ok - home seed validation rejects nested home routes
2026-10-01T03:51:00.7132929Z Note: switching to '3c4ca5e57a3dc72f3f4a3deb986a81930911cf37'.
2026-10-01T03:51:00.7214419Z 
2026-10-01T03:51:00.7296757Z You are in 'detached HEAD' state. You can look around, make experimental
2026-10-01T03:51:00.7320538Z changes and commit them, and you can discard any commits you make in this
2026-10-01T03:51:00.7354568Z state without impacting any branches by switching back to a branch.
2026-10-01T03:51:00.7363976Z 
2026-10-01T03:51:00.7394353Z If you want to create a new branch to retain commits you create, you may
2026-10-01T03:51:00.7432389Z do so (now or later) by using -c with the switch command. Example:
2026-10-01T03:51:00.7459860Z 
2026-10-01T03:51:00.7484441Z   git switch -c <new-branch-name>
2026-10-01T03:51:00.7503996Z 
2026-10-01T03:51:00.7514439Z Or undo this operation with:
2026-10-01T03:51:00.7515125Z 
2026-10-01T03:51:00.7515376Z   git switch -
2026-10-01T03:51:00.7515692Z 
2026-10-01T03:51:00.7516193Z Turn off this advice by setting config variable advice.detachedHead to false
2026-10-01T03:51:00.7516788Z 
2026-10-01T03:51:01.0107863Z leased worktree for dash
2026-10-01T03:51:01.5926732Z ok - home seeding durably leases treehouse-acquired dash homes under the secondmate id
2026-10-01T03:51:01.6744532Z Note: switching to '3c4ca5e57a3dc72f3f4a3deb986a81930911cf37'.
2026-10-01T03:51:01.6787476Z 
2026-10-01T03:51:01.6845088Z You are in 'detached HEAD' state. You can look around, make experimental
2026-10-01T03:51:01.6862650Z changes and commit them, and you can discard any commits you make in this
2026-10-01T03:51:01.6894462Z state without impacting any branches by switching back to a branch.
2026-10-01T03:51:01.6919155Z 
2026-10-01T03:51:01.6936393Z If you want to create a new branch to retain commits you create, you may
2026-10-01T03:51:01.6939034Z do so (now or later) by using -c with the switch command. Example:
2026-10-01T03:51:01.6939406Z 
2026-10-01T03:51:01.6939569Z   git switch -c <new-branch-name>
2026-10-01T03:51:01.6940385Z 
2026-10-01T03:51:01.6940542Z Or undo this operation with:
2026-10-01T03:51:01.6940763Z 
2026-10-01T03:51:01.6940901Z   git switch -
2026-10-01T03:51:01.6941083Z 
2026-10-01T03:51:01.6941397Z Turn off this advice by setting config variable advice.detachedHead to false
2026-10-01T03:51:01.6941841Z 
2026-10-01T03:51:02.1439373Z ok - home seeding returns rejected acquired homes through treehouse
2026-10-01T03:51:02.3069712Z Note: switching to '3c4ca5e57a3dc72f3f4a3deb986a81930911cf37'.
2026-10-01T03:51:02.3084550Z 
2026-10-01T03:51:02.3133733Z You are in 'detached HEAD' state. You can look around, make experimental
2026-10-01T03:51:02.3165907Z changes and commit them, and you can discard any commits you make in this
2026-10-01T03:51:02.3192043Z state without impacting any branches by switching back to a branch.
2026-10-01T03:51:02.3192617Z 
2026-10-01T03:51:02.3192973Z If you want to create a new branch to retain commits you create, you may
2026-10-01T03:51:02.3193958Z do so (now or later) by using -c with the switch command. Example:
2026-10-01T03:51:02.3194399Z 
2026-10-01T03:51:02.3194644Z   git switch -c <new-branch-name>
2026-10-01T03:51:02.3194990Z 
2026-10-01T03:51:02.3195260Z Or undo this operation with:
2026-10-01T03:51:02.3196540Z 
2026-10-01T03:51:02.3196778Z   git switch -
2026-10-01T03:51:02.3197082Z 
2026-10-01T03:51:02.3197484Z Turn off this advice by setting config variable advice.detachedHead to false
2026-10-01T03:51:02.3198036Z 
2026-10-01T03:51:02.7759181Z ok - home seed rollback warns when treehouse-acquired return fails
2026-10-01T03:51:03.2949129Z ok - home seeding leaves unsafe acquired active homes untouched
2026-10-01T03:51:04.3781666Z ok - home seeding rolls back failed clone attempts without residue
2026-10-01T03:51:05.0685609Z ok - home seeding refuses direct seed without filled charter text
2026-10-01T03:51:05.8024838Z ok - home seeding refuses unfilled placeholder charters
2026-10-01T03:51:07.3115299Z ok - home seeding refuses empty normalized charter fields
2026-10-01T03:51:07.4950305Z Note: switching to '3c4ca5e57a3dc72f3f4a3deb986a81930911cf37'.
2026-10-01T03:51:07.4978695Z 
2026-10-01T03:51:07.5021187Z You are in 'detached HEAD' state. You can look around, make experimental
2026-10-01T03:51:07.5022148Z changes and commit them, and you can discard any commits you make in this
2026-10-01T03:51:07.5022872Z state without impacting any branches by switching back to a branch.
2026-10-01T03:51:07.5023351Z 
2026-10-01T03:51:07.5023875Z If you want to create a new branch to retain commits you create, you may
2026-10-01T03:51:07.5024634Z do so (now or later) by using -c with the switch command. Example:
2026-10-01T03:51:07.5025096Z 
2026-10-01T03:51:07.5025321Z   git switch -c <new-branch-name>
2026-10-01T03:51:07.5025677Z 
2026-10-01T03:51:07.5025929Z Or undo this operation with:
2026-10-01T03:51:07.5026248Z 
2026-10-01T03:51:07.5026452Z   git switch -
2026-10-01T03:51:07.5071811Z 
2026-10-01T03:51:07.5074835Z Turn off this advice by setting config variable advice.detachedHead to false
2026-10-01T03:51:07.5075515Z 
2026-10-01T03:51:11.5037587Z ok - home seeding scaffolds, registers, and spawns a project-less home end to end
2026-10-01T03:51:15.0954013Z ok - secondmate spawn resolves home validation and projects from punctuated registry fields
2026-10-01T03:51:22.0629338Z ok - secondmate spawn refuses ambiguous, supplied-home, and metadata-home registry bindings
2026-10-01T03:51:23.1059110Z ok - home seeding validates reused project-less charters before mutation
2026-10-01T03:51:23.5110508Z ok - home seeding refuses project-less conversion of a populated home
2026-10-01T03:51:23.9116266Z ok - home seeding refuses project-less homes whose projects directory cannot be inspected
2026-10-01T03:51:24.2615129Z ok - home seeding refuses project-less homes with symlinked projects directories
2026-10-01T03:51:24.5845039Z ok - home seeding refuses project-less homes with non-directory projects paths
2026-10-01T03:51:24.9589078Z ok - home seeding refuses project-less homes whose project registry cannot be inspected
2026-10-01T03:51:25.0314947Z ok - home seeding fails loudly on accidental project omission and rejects mixed --no-projects
2026-10-01T03:51:25.2641793Z ok - home seeding refuses local-only projects
2026-10-01T03:51:25.9595406Z ok - home seeding refuses registry delimiter home paths
2026-10-01T03:51:25.9825284Z Note: switching to '3c4ca5e57a3dc72f3f4a3deb986a81930911cf37'.
2026-10-01T03:51:25.9854670Z 
2026-10-01T03:51:25.9884611Z You are in 'detached HEAD' state. You can look around, make experimental
2026-10-01T03:51:25.9885677Z changes and commit them, and you can discard any commits you make in this
2026-10-01T03:51:26.0004843Z state without impacting any branches by switching back to a branch.
2026-10-01T03:51:26.0033596Z 
2026-10-01T03:51:26.0034306Z If you want to create a new branch to retain commits you create, you may
2026-10-01T03:51:26.0035079Z do so (now or later) by using -c with the switch command. Example:
2026-10-01T03:51:26.0073919Z 
2026-10-01T03:51:26.0078714Z   git switch -c <new-branch-name>
2026-10-01T03:51:26.0115187Z 
2026-10-01T03:51:26.0154359Z Or undo this operation with:
2026-10-01T03:51:26.0157186Z 
2026-10-01T03:51:26.0188974Z   git switch -
2026-10-01T03:51:26.0198828Z 
2026-10-01T03:51:26.0199596Z Turn off this advice by setting config variable advice.detachedHead to false
2026-10-01T03:51:26.0200133Z 
2026-10-01T03:51:27.1000560Z Note: switching to '3c4ca5e57a3dc72f3f4a3deb986a81930911cf37'.
2026-10-01T03:51:27.1024724Z 
2026-10-01T03:51:27.1054510Z You are in 'detached HEAD' state. You can look around, make experimental
2026-10-01T03:51:27.1064614Z changes and commit them, and you can discard any commits you make in this
2026-10-01T03:51:27.1084669Z state without impacting any branches by switching back to a branch.
2026-10-01T03:51:27.1112518Z 
2026-10-01T03:51:27.1134494Z If you want to create a new branch to retain commits you create, you may
2026-10-01T03:51:27.1154834Z do so (now or later) by using -c with the switch command. Example:
2026-10-01T03:51:27.1174700Z 
2026-10-01T03:51:27.1269205Z   git switch -c <new-branch-name>
2026-10-01T03:51:27.1272657Z 
2026-10-01T03:51:27.1294464Z Or undo this operation with:
2026-10-01T03:51:27.1317033Z 
2026-10-01T03:51:27.1360606Z   git switch -
2026-10-01T03:51:27.1413871Z 
2026-10-01T03:51:27.1445249Z Turn off this advice by setting config variable advice.detachedHead to false
2026-10-01T03:51:27.1505561Z 
2026-10-01T03:51:27.5150723Z Note: switching to '3c4ca5e57a3dc72f3f4a3deb986a81930911cf37'.
2026-10-01T03:51:27.5190002Z 
2026-10-01T03:51:27.5202501Z You are in 'detached HEAD' state. You can look around, make experimental
2026-10-01T03:51:27.5203797Z changes and commit them, and you can discard any commits you make in this
2026-10-01T03:51:27.5204812Z state without impacting any branches by switching back to a branch.
2026-10-01T03:51:27.5205420Z 
2026-10-01T03:51:27.5205854Z If you want to create a new branch to retain commits you create, you may
2026-10-01T03:51:27.5206752Z do so (now or later) by using -c with the switch command. Example:
2026-10-01T03:51:27.5207283Z 
2026-10-01T03:51:27.5207632Z   git switch -c <new-branch-name>
2026-10-01T03:51:27.5208056Z 
2026-10-01T03:51:27.5208379Z Or undo this operation with:
2026-10-01T03:51:27.5208818Z 
2026-10-01T03:51:27.5209097Z   git switch -
2026-10-01T03:51:27.5209420Z 
2026-10-01T03:51:27.5209851Z Turn off this advice by setting config variable advice.detachedHead to false
2026-10-01T03:51:27.5210447Z 
2026-10-01T03:51:27.7005008Z Note: switching to '3c4ca5e57a3dc72f3f4a3deb986a81930911cf37'.
2026-10-01T03:51:27.7014041Z 
2026-10-01T03:51:27.7031965Z You are in 'detached HEAD' state. You can look around, make experimental
2026-10-01T03:51:27.7032882Z changes and commit them, and you can discard any commits you make in this
2026-10-01T03:51:27.7033840Z state without impacting any branches by switching back to a branch.
2026-10-01T03:51:27.7034307Z 
2026-10-01T03:51:27.7034635Z If you want to create a new branch to retain commits you create, you may
2026-10-01T03:51:27.7035590Z do so (now or later) by using -c with the switch command. Example:
2026-10-01T03:51:27.7080683Z 
2026-10-01T03:51:27.7104151Z   git switch -c <new-branch-name>
2026-10-01T03:51:27.7130190Z 
2026-10-01T03:51:27.7131066Z Or undo this operation with:
2026-10-01T03:51:27.7154302Z 
2026-10-01T03:51:27.7192538Z   git switch -
2026-10-01T03:51:27.7192959Z 
2026-10-01T03:51:27.7193573Z Turn off this advice by setting config variable advice.detachedHead to false
2026-10-01T03:51:27.7194166Z 
2026-10-01T03:51:28.0481161Z ok - home seeding refuses active home and repo root
2026-10-01T03:51:28.1142806Z Note: switching to '3c4ca5e57a3dc72f3f4a3deb986a81930911cf37'.
2026-10-01T03:51:28.1154214Z 
2026-10-01T03:51:28.1175308Z You are in 'detached HEAD' state. You can look around, make experimental
2026-10-01T03:51:28.1195115Z changes and commit them, and you can discard any commits you make in this
2026-10-01T03:51:28.1235125Z state without impacting any branches by switching back to a branch.
2026-10-01T03:51:28.1263832Z 
2026-10-01T03:51:28.1294346Z If you want to create a new branch to retain commits you create, you may
2026-10-01T03:51:28.1380792Z do so (now or later) by using -c with the switch command. Example:
2026-10-01T03:51:28.1419452Z 
2026-10-01T03:51:28.1422075Z   git switch -c <new-branch-name>
2026-10-01T03:51:28.1422348Z 
2026-10-01T03:51:28.1422483Z Or undo this operation with:
2026-10-01T03:51:28.1422685Z 
2026-10-01T03:51:28.1422794Z   git switch -
2026-10-01T03:51:28.1422944Z 
2026-10-01T03:51:28.1423205Z Turn off this advice by setting config variable advice.detachedHead to false
2026-10-01T03:51:28.1423876Z 
2026-10-01T03:51:28.5879873Z ok - home seeding refuses homes marked for another id
2026-10-01T03:51:28.6704827Z Note: switching to '3c4ca5e57a3dc72f3f4a3deb986a81930911cf37'.
2026-10-01T03:51:28.6724135Z 
2026-10-01T03:51:28.6725273Z You are in 'detached HEAD' state. You can look around, make experimental
2026-10-01T03:51:28.6726398Z changes and commit them, and you can discard any commits you make in this
2026-10-01T03:51:28.6727282Z state without impacting any branches by switching back to a branch.
2026-10-01T03:51:28.6727862Z 
2026-10-01T03:51:28.6728304Z If you want to create a new branch to retain commits you create, you may
2026-10-01T03:51:28.6729224Z do so (now or later) by using -c with the switch command. Example:
2026-10-01T03:51:28.6729796Z 
2026-10-01T03:51:28.6730119Z   git switch -c <new-branch-name>
2026-10-01T03:51:28.6730552Z 
2026-10-01T03:51:28.6730866Z Or undo this operation with:
2026-10-01T03:51:28.6731275Z 
2026-10-01T03:51:28.6731572Z   git switch -
2026-10-01T03:51:28.6731919Z 
2026-10-01T03:51:28.6732391Z Turn off this advice by setting config variable advice.detachedHead to false
2026-10-01T03:51:28.6733015Z 
2026-10-01T03:51:29.2155452Z ok - home seeding refuses homes registered to another id
2026-10-01T03:51:29.5273950Z Note: switching to '3c4ca5e57a3dc72f3f4a3deb986a81930911cf37'.
2026-10-01T03:51:29.5330602Z 
2026-10-01T03:51:29.5348602Z You are in 'detached HEAD' state. You can look around, make experimental
2026-10-01T03:51:29.5349537Z changes and commit them, and you can discard any commits you make in this
2026-10-01T03:51:29.5350206Z state without impacting any branches by switching back to a branch.
2026-10-01T03:51:29.5350657Z 
2026-10-01T03:51:29.5350994Z If you want to create a new branch to retain commits you create, you may
2026-10-01T03:51:29.5351688Z do so (now or later) by using -c with the switch command. Example:
2026-10-01T03:51:29.5352160Z 
2026-10-01T03:51:29.5352430Z   git switch -c <new-branch-name>
2026-10-01T03:51:29.5352806Z 
2026-10-01T03:51:29.5353087Z Or undo this operation with:
2026-10-01T03:51:29.5353645Z 
2026-10-01T03:51:29.5353907Z   git switch -
2026-10-01T03:51:29.5354199Z 
2026-10-01T03:51:29.5354625Z Turn off this advice by setting config variable advice.detachedHead to false
2026-10-01T03:51:29.5355177Z 
2026-10-01T03:51:30.6712152Z ok - home seeding refuses same-id reassignment to a different home
2026-10-01T03:51:30.7586056Z Note: switching to '3c4ca5e57a3dc72f3f4a3deb986a81930911cf37'.
2026-10-01T03:51:30.7614193Z 
2026-10-01T03:51:30.7644694Z You are in 'detached HEAD' state. You can look around, make experimental
2026-10-01T03:51:30.7705867Z changes and commit them, and you can discard any commits you make in this
2026-10-01T03:51:30.7764749Z state without impacting any branches by switching back to a branch.
2026-10-01T03:51:30.7788485Z 
2026-10-01T03:51:30.7824980Z If you want to create a new branch to retain commits you create, you may
2026-10-01T03:51:30.7831863Z do so (now or later) by using -c with the switch command. Example:
2026-10-01T03:51:30.7832438Z 
2026-10-01T03:51:30.7832718Z   git switch -c <new-branch-name>
2026-10-01T03:51:30.7833108Z 
2026-10-01T03:51:30.7833377Z Or undo this operation with:
2026-10-01T03:51:30.7833931Z 
2026-10-01T03:51:30.7834158Z   git switch -
2026-10-01T03:51:30.7834458Z 
2026-10-01T03:51:30.7834950Z Turn off this advice by setting config variable advice.detachedHead to false
2026-10-01T03:51:30.7835571Z 
2026-10-01T03:51:30.9294312Z Note: switching to '3c4ca5e57a3dc72f3f4a3deb986a81930911cf37'.
2026-10-01T03:51:30.9334140Z 
2026-10-01T03:51:30.9354329Z You are in 'detached HEAD' state. You can look around, make experimental
2026-10-01T03:51:30.9355528Z changes and commit them, and you can discard any commits you make in this
2026-10-01T03:51:30.9356298Z state without impacting any branches by switching back to a branch.
2026-10-01T03:51:30.9356792Z 
2026-10-01T03:51:30.9357155Z If you want to create a new branch to retain commits you create, you may
2026-10-01T03:51:30.9357757Z do so (now or later) by using -c with the switch command. Example:
2026-10-01T03:51:30.9358131Z 
2026-10-01T03:51:30.9358328Z   git switch -c <new-branch-name>
2026-10-01T03:51:30.9358605Z 
2026-10-01T03:51:30.9358870Z Or undo this operation with:
2026-10-01T03:51:30.9359150Z 
2026-10-01T03:51:30.9359330Z   git switch -
2026-10-01T03:51:30.9359552Z 
2026-10-01T03:51:30.9359899Z Turn off this advice by setting config variable advice.detachedHead to false
2026-10-01T03:51:30.9360361Z 
2026-10-01T03:51:31.6837612Z ok - home seeding refuses registered home overlaps
2026-10-01T03:51:31.9595753Z ok - remote-backed subhome seeding requires a source origin
2026-10-01T03:51:32.0468474Z Note: switching to '3c4ca5e57a3dc72f3f4a3deb986a81930911cf37'.
2026-10-01T03:51:32.0494673Z 
2026-10-01T03:51:32.0495668Z You are in 'detached HEAD' state. You can look around, make experimental
2026-10-01T03:51:32.0524656Z changes and commit them, and you can discard any commits you make in this
2026-10-01T03:51:32.0554808Z state without impacting any branches by switching back to a branch.
2026-10-01T03:51:32.0583916Z 
2026-10-01T03:51:32.0584707Z If you want to create a new branch to retain commits you create, you may
2026-10-01T03:51:32.0614462Z do so (now or later) by using -c with the switch command. Example:
2026-10-01T03:51:32.0643998Z 
2026-10-01T03:51:32.0664589Z   git switch -c <new-branch-name>
2026-10-01T03:51:32.0665484Z 
2026-10-01T03:51:32.0665903Z Or undo this operation with:
2026-10-01T03:51:32.0666278Z 
2026-10-01T03:51:32.0666541Z   git switch -
2026-10-01T03:51:32.0683935Z 
2026-10-01T03:51:32.0701812Z Turn off this advice by setting config variable advice.detachedHead to false
2026-10-01T03:51:32.0702533Z 
2026-10-01T03:51:32.7565111Z ok - remote-backed subhome seeding validates existing destination origins
2026-10-01T03:51:33.2393778Z Note: switching to '3c4ca5e57a3dc72f3f4a3deb986a81930911cf37'.
2026-10-01T03:51:33.2424346Z 
2026-10-01T03:51:33.2429501Z You are in 'detached HEAD' state. You can look around, make experimental
2026-10-01T03:51:33.2474716Z changes and commit them, and you can discard any commits you make in this
2026-10-01T03:51:33.2502169Z state without impacting any branches by switching back to a branch.
2026-10-01T03:51:33.2502997Z 
2026-10-01T03:51:33.2503723Z If you want to create a new branch to retain commits you create, you may
2026-10-01T03:51:33.2504898Z do so (now or later) by using -c with the switch command. Example:
2026-10-01T03:51:33.2505395Z 
2026-10-01T03:51:33.2505767Z   git switch -c <new-branch-name>
2026-10-01T03:51:33.2506153Z 
2026-10-01T03:51:33.2506427Z Or undo this operation with:
2026-10-01T03:51:33.2506833Z 
2026-10-01T03:51:33.2507099Z   git switch -
2026-10-01T03:51:33.2507430Z 
2026-10-01T03:51:33.2507899Z Turn off this advice by setting config variable advice.detachedHead to false
2026-10-01T03:51:33.2508469Z 
2026-10-01T03:51:34.6387203Z ok - home seeding resolves relative source origins against the source project
2026-10-01T03:51:34.7984888Z Note: switching to '3c4ca5e57a3dc72f3f4a3deb986a81930911cf37'.
2026-10-01T03:51:34.8013941Z 
2026-10-01T03:51:34.8034620Z You are in 'detached HEAD' state. You can look around, make experimental
2026-10-01T03:51:34.8104911Z changes and commit them, and you can discard any commits you make in this
2026-10-01T03:51:34.8122397Z state without impacting any branches by switching back to a branch.
2026-10-01T03:51:34.8153855Z 
2026-10-01T03:51:34.8158002Z If you want to create a new branch to retain commits you create, you may
2026-10-01T03:51:34.8158750Z do so (now or later) by using -c with the switch command. Example:
2026-10-01T03:51:34.8159203Z 
2026-10-01T03:51:34.8159867Z   git switch -c <new-branch-name>
2026-10-01T03:51:34.8160239Z 
2026-10-01T03:51:34.8160489Z Or undo this operation with:
2026-10-01T03:51:34.8160783Z 
2026-10-01T03:51:34.8161031Z   git switch -
2026-10-01T03:51:34.8161311Z 
2026-10-01T03:51:34.8161676Z Turn off this advice by setting config variable advice.detachedHead to false
2026-10-01T03:51:34.8162137Z 
2026-10-01T03:51:35.9049150Z ok - home seeding skips initialized existing no-mistakes clones
2026-10-01T03:51:36.0086580Z Note: switching to '3c4ca5e57a3dc72f3f4a3deb986a81930911cf37'.
2026-10-01T03:51:36.0092614Z 
2026-10-01T03:51:36.0093559Z You are in 'detached HEAD' state. You can look around, make experimental
2026-10-01T03:51:36.0094437Z changes and commit them, and you can discard any commits you make in this
2026-10-01T03:51:36.0095096Z state without impacting any branches by switching back to a branch.
2026-10-01T03:51:36.0095470Z 
2026-10-01T03:51:36.0095713Z If you want to create a new branch to retain commits you create, you may
2026-10-01T03:51:36.0096332Z do so (now or later) by using -c with the switch command. Example:
2026-10-01T03:51:36.0096674Z 
2026-10-01T03:51:36.0096809Z   git switch -c <new-branch-name>
2026-10-01T03:51:36.0097033Z 
2026-10-01T03:51:36.0097161Z Or undo this operation with:
2026-10-01T03:51:36.0097363Z 
2026-10-01T03:51:36.0097476Z   git switch -
2026-10-01T03:51:36.0097628Z 
2026-10-01T03:51:36.0097912Z Turn off this advice by setting config variable advice.detachedHead to false
2026-10-01T03:51:36.0098333Z 
2026-10-01T03:51:36.9365129Z ok - home seeding refuses uninitialized existing no-mistakes clones
2026-10-01T03:51:37.0574989Z Note: switching to '3c4ca5e57a3dc72f3f4a3deb986a81930911cf37'.
2026-10-01T03:51:37.0644018Z 
2026-10-01T03:51:37.0704771Z You are in 'detached HEAD' state. You can look around, make experimental
2026-10-01T03:51:37.0734956Z changes and commit them, and you can discard any commits you make in this
2026-10-01T03:51:37.0774760Z state without impacting any branches by switching back to a branch.
2026-10-01T03:51:37.0803844Z 
2026-10-01T03:51:37.0834684Z If you want to create a new branch to retain commits you create, you may
2026-10-01T03:51:37.0835728Z do so (now or later) by using -c with the switch command. Example:
2026-10-01T03:51:37.0863906Z 
2026-10-01T03:51:37.0894245Z   git switch -c <new-branch-name>
2026-10-01T03:51:37.0894832Z 
2026-10-01T03:51:37.0924417Z Or undo this operation with:
2026-10-01T03:51:37.0953819Z 
2026-10-01T03:51:37.0984197Z   git switch -
2026-10-01T03:51:37.0984639Z 
2026-10-01T03:51:37.1014354Z Turn off this advice by setting config variable advice.detachedHead to false
2026-10-01T03:51:37.1043837Z 
2026-10-01T03:51:37.5017479Z ok - home seeding refuses project destinations outside the subhome
2026-10-01T03:51:37.6565773Z Note: switching to '3c4ca5e57a3dc72f3f4a3deb986a81930911cf37'.
2026-10-01T03:51:37.6594081Z 
2026-10-01T03:51:37.6624628Z You are in 'detached HEAD' state. You can look around, make experimental
2026-10-01T03:51:37.6654518Z changes and commit them, and you can discard any commits you make in this
2026-10-01T03:51:37.6655499Z state without impacting any branches by switching back to a branch.
2026-10-01T03:51:37.6683999Z 
2026-10-01T03:51:37.6714352Z If you want to create a new branch to retain commits you create, you may
2026-10-01T03:51:37.6715273Z do so (now or later) by using -c with the switch command. Example:
2026-10-01T03:51:37.6753944Z 
2026-10-01T03:51:37.6784194Z   git switch -c <new-branch-name>
2026-10-01T03:51:37.6793115Z 
2026-10-01T03:51:37.6793838Z Or undo this operation with:
2026-10-01T03:51:37.6794239Z 
2026-10-01T03:51:37.6794437Z   git switch -
2026-10-01T03:51:37.6794670Z 
2026-10-01T03:51:37.6795018Z Turn off this advice by setting config variable advice.detachedHead to false
2026-10-01T03:51:37.6795524Z 
2026-10-01T03:51:38.0465219Z Note: switching to '3c4ca5e57a3dc72f3f4a3deb986a81930911cf37'.
2026-10-01T03:51:38.0534283Z 
2026-10-01T03:51:38.0591453Z You are in 'detached HEAD' state. You can look around, make experimental
2026-10-01T03:51:38.0624777Z changes and commit them, and you can discard any commits you make in this
2026-10-01T03:51:38.0644700Z state without impacting any branches by switching back to a branch.
2026-10-01T03:51:38.0652584Z 
2026-10-01T03:51:38.0653939Z If you want to create a new branch to retain commits you create, you may
2026-10-01T03:51:38.0654780Z do so (now or later) by using -c with the switch command. Example:
2026-10-01T03:51:38.0655284Z 
2026-10-01T03:51:38.0655555Z   git switch -c <new-branch-name>
2026-10-01T03:51:38.0655914Z 
2026-10-01T03:51:38.0656169Z Or undo this operation with:
2026-10-01T03:51:38.0656509Z 
2026-10-01T03:51:38.0656767Z   git switch -
2026-10-01T03:51:38.0657057Z 
2026-10-01T03:51:38.0657528Z Turn off this advice by setting config variable advice.detachedHead to false
2026-10-01T03:51:38.0658074Z 
2026-10-01T03:51:38.5230093Z Note: switching to '3c4ca5e57a3dc72f3f4a3deb986a81930911cf37'.
2026-10-01T03:51:38.5254084Z 
2026-10-01T03:51:38.5259420Z You are in 'detached HEAD' state. You can look around, make experimental
2026-10-01T03:51:38.5260384Z changes and commit them, and you can discard any commits you make in this
2026-10-01T03:51:38.5261205Z state without impacting any branches by switching back to a branch.
2026-10-01T03:51:38.5261828Z 
2026-10-01T03:51:38.5262214Z If you want to create a new branch to retain commits you create, you may
2026-10-01T03:51:38.5262971Z do so (now or later) by using -c with the switch command. Example:
2026-10-01T03:51:38.5263652Z 
2026-10-01T03:51:38.5263953Z   git switch -c <new-branch-name>
2026-10-01T03:51:38.5264327Z 
2026-10-01T03:51:38.5264618Z Or undo this operation with:
2026-10-01T03:51:38.5264994Z 
2026-10-01T03:51:38.5265252Z   git switch -
2026-10-01T03:51:38.5265572Z 
2026-10-01T03:51:38.5266017Z Turn off this advice by setting config variable advice.detachedHead to false
2026-10-01T03:51:38.5266567Z 
2026-10-01T03:51:38.9439930Z ok - home seeding refuses operational directories outside the subhome
2026-10-01T03:51:39.1245122Z Note: switching to '3c4ca5e57a3dc72f3f4a3deb986a81930911cf37'.
2026-10-01T03:51:39.1284274Z 
2026-10-01T03:51:39.1308342Z You are in 'detached HEAD' state. You can look around, make experimental
2026-10-01T03:51:39.1334479Z changes and commit them, and you can discard any commits you make in this
2026-10-01T03:51:39.1374322Z state without impacting any branches by switching back to a branch.
2026-10-01T03:51:39.1403787Z 
2026-10-01T03:51:39.1430793Z If you want to create a new branch to retain commits you create, you may
2026-10-01T03:51:39.1494777Z do so (now or later) by using -c with the switch command. Example:
2026-10-01T03:51:39.1544106Z 
2026-10-01T03:51:39.1574331Z   git switch -c <new-branch-name>
2026-10-01T03:51:39.1633758Z 
2026-10-01T03:51:39.1644563Z Or undo this operation with:
2026-10-01T03:51:39.1693808Z 
2026-10-01T03:51:39.1717306Z   git switch -
2026-10-01T03:51:39.1731592Z 
2026-10-01T03:51:39.1732357Z Turn off this advice by setting config variable advice.detachedHead to false
2026-10-01T03:51:39.1733099Z 
2026-10-01T03:51:39.6767372Z Note: switching to '3c4ca5e57a3dc72f3f4a3deb986a81930911cf37'.
2026-10-01T03:51:39.6794299Z 
2026-10-01T03:51:39.6797612Z You are in 'detached HEAD' state. You can look around, make experimental
2026-10-01T03:51:39.6798405Z changes and commit them, and you can discard any commits you make in this
2026-10-01T03:51:39.6799110Z state without impacting any branches by switching back to a branch.
2026-10-01T03:51:39.6799572Z 
2026-10-01T03:51:39.6799917Z If you want to create a new branch to retain commits you create, you may
2026-10-01T03:51:39.6800555Z do so (now or later) by using -c with the switch command. Example:
2026-10-01T03:51:39.6801020Z 
2026-10-01T03:51:39.6801282Z   git switch -c <new-branch-name>
2026-10-01T03:51:39.6801670Z 
2026-10-01T03:51:39.6801893Z Or undo this operation with:
2026-10-01T03:51:39.6802201Z 
2026-10-01T03:51:39.6802437Z   git switch -
2026-10-01T03:51:39.6802722Z 
2026-10-01T03:51:39.6803145Z Turn off this advice by setting config variable advice.detachedHead to false
2026-10-01T03:51:39.6804434Z 
2026-10-01T03:51:40.2354900Z Note: switching to '3c4ca5e57a3dc72f3f4a3deb986a81930911cf37'.
2026-10-01T03:51:40.2384018Z 
2026-10-01T03:51:40.2435949Z You are in 'detached HEAD' state. You can look around, make experimental
2026-10-01T03:51:40.2485088Z changes and commit them, and you can discard any commits you make in this
2026-10-01T03:51:40.2507621Z state without impacting any branches by switching back to a branch.
2026-10-01T03:51:40.2515462Z 
2026-10-01T03:51:40.2516175Z If you want to create a new branch to retain commits you create, you may
2026-10-01T03:51:40.2517042Z do so (now or later) by using -c with the switch command. Example:
2026-10-01T03:51:40.2517577Z 
2026-10-01T03:51:40.2517943Z   git switch -c <new-branch-name>
2026-10-01T03:51:40.2518318Z 
2026-10-01T03:51:40.2518609Z Or undo this operation with:
2026-10-01T03:51:40.2518997Z 
2026-10-01T03:51:40.2519262Z   git switch -
2026-10-01T03:51:40.2519603Z 
2026-10-01T03:51:40.2520028Z Turn off this advice by setting config variable advice.detachedHead to false
2026-10-01T03:51:40.2520598Z 
2026-10-01T03:51:40.7855687Z Note: switching to '3c4ca5e57a3dc72f3f4a3deb986a81930911cf37'.
2026-10-01T03:51:40.7874119Z 
2026-10-01T03:51:40.7884391Z You are in 'detached HEAD' state. You can look around, make experimental
2026-10-01T03:51:40.7894737Z changes and commit them, and you can discard any commits you make in this
2026-10-01T03:51:40.7895557Z state without impacting any branches by switching back to a branch.
2026-10-01T03:51:40.7896079Z 
2026-10-01T03:51:40.7896490Z If you want to create a new branch to retain commits you create, you may
2026-10-01T03:51:40.7897227Z do so (now or later) by using -c with the switch command. Example:
2026-10-01T03:51:40.7897770Z 
2026-10-01T03:51:40.7898049Z   git switch -c <new-branch-name>
2026-10-01T03:51:40.7898436Z 
2026-10-01T03:51:40.7898709Z Or undo this operation with:
2026-10-01T03:51:40.7899077Z 
2026-10-01T03:51:40.7899378Z   git switch -
2026-10-01T03:51:40.7899675Z 
2026-10-01T03:51:40.7900116Z Turn off this advice by setting config variable advice.detachedHead to false
2026-10-01T03:51:40.7900653Z 
2026-10-01T03:51:41.3008337Z Note: switching to '3c4ca5e57a3dc72f3f4a3deb986a81930911cf37'.
2026-10-01T03:51:41.3010692Z 
2026-10-01T03:51:41.3011211Z You are in 'detached HEAD' state. You can look around, make experimental
2026-10-01T03:51:41.3012034Z changes and commit them, and you can discard any commits you make in this
2026-10-01T03:51:41.3012856Z state without impacting any branches by switching back to a branch.
2026-10-01T03:51:41.3013668Z 
2026-10-01T03:51:41.3014079Z If you want to create a new branch to retain commits you create, you may
2026-10-01T03:51:41.3015246Z do so (now or later) by using -c with the switch command. Example:
2026-10-01T03:51:41.3015771Z 
2026-10-01T03:51:41.3016053Z   git switch -c <new-branch-name>
2026-10-01T03:51:41.3016442Z 
2026-10-01T03:51:41.3016704Z Or undo this operation with:
2026-10-01T03:51:41.3017063Z 
2026-10-01T03:51:41.3017310Z   git switch -
2026-10-01T03:51:41.3017630Z 
2026-10-01T03:51:41.3018056Z Turn off this advice by setting config variable advice.detachedHead to false
2026-10-01T03:51:41.3018653Z 
2026-10-01T03:51:41.8646714Z Note: switching to '3c4ca5e57a3dc72f3f4a3deb986a81930911cf37'.
2026-10-01T03:51:41.8648410Z 
2026-10-01T03:51:41.8649022Z You are in 'detached HEAD' state. You can look around, make experimental
2026-10-01T03:51:41.8650264Z changes and commit them, and you can discard any commits you make in this
2026-10-01T03:51:41.8651348Z state without impacting any branches by switching back to a branch.
2026-10-01T03:51:41.8652059Z 
2026-10-01T03:51:41.8652653Z If you want to create a new branch to retain commits you create, you may
2026-10-01T03:51:41.8653905Z do so (now or later) by using -c with the switch command. Example:
2026-10-01T03:51:41.8654591Z 
2026-10-01T03:51:41.8654963Z   git switch -c <new-branch-name>
2026-10-01T03:51:41.8655533Z 
2026-10-01T03:51:41.8669356Z Or undo this operation with:
2026-10-01T03:51:41.8669951Z 
2026-10-01T03:51:41.8670343Z   git switch -
2026-10-01T03:51:41.8670768Z 
2026-10-01T03:51:41.8671418Z Turn off this advice by setting config variable advice.detachedHead to false
2026-10-01T03:51:41.8672233Z 
2026-10-01T03:51:42.4690240Z Note: switching to '3c4ca5e57a3dc72f3f4a3deb986a81930911cf37'.
2026-10-01T03:51:42.4693174Z 
2026-10-01T03:51:42.4693965Z You are in 'detached HEAD' state. You can look around, make experimental
2026-10-01T03:51:42.4694714Z changes and commit them, and you can discard any commits you make in this
2026-10-01T03:51:42.4695454Z state without impacting any branches by switching back to a branch.
2026-10-01T03:51:42.4695951Z 
2026-10-01T03:51:42.4696350Z If you want to create a new branch to retain commits you create, you may
2026-10-01T03:51:42.4697027Z do so (now or later) by using -c with the switch command. Example:
2026-10-01T03:51:42.4697505Z 
2026-10-01T03:51:42.4697796Z   git switch -c <new-branch-name>
2026-10-01T03:51:42.4698099Z 
2026-10-01T03:51:42.4698231Z Or undo this operation with:
2026-10-01T03:51:42.4698443Z 
2026-10-01T03:51:42.4698559Z   git switch -
2026-10-01T03:51:42.4698704Z 
2026-10-01T03:51:42.4698993Z Turn off this advice by setting config variable advice.detachedHead to false
2026-10-01T03:51:42.4699399Z 
2026-10-01T03:51:43.0297132Z Note: switching to '3c4ca5e57a3dc72f3f4a3deb986a81930911cf37'.
2026-10-01T03:51:43.0354680Z 
2026-10-01T03:51:43.0356186Z You are in 'detached HEAD' state. You can look around, make experimental
2026-10-01T03:51:43.0357022Z changes and commit them, and you can discard any commits you make in this
2026-10-01T03:51:43.0357768Z state without impacting any branches by switching back to a branch.
2026-10-01T03:51:43.0358285Z 
2026-10-01T03:51:43.0358741Z If you want to create a new branch to retain commits you create, you may
2026-10-01T03:51:43.0359359Z do so (now or later) by using -c with the switch command. Example:
2026-10-01T03:51:43.0359789Z 
2026-10-01T03:51:43.0360088Z   git switch -c <new-branch-name>
2026-10-01T03:51:43.0364511Z 
2026-10-01T03:51:43.0364793Z Or undo this operation with:
2026-10-01T03:51:43.0365107Z 
2026-10-01T03:51:43.0365347Z   git switch -
2026-10-01T03:51:43.0365628Z 
2026-10-01T03:51:43.0365983Z Turn off this advice by setting config variable advice.detachedHead to false
2026-10-01T03:51:43.0366452Z 
2026-10-01T03:51:43.5195698Z ok - home seeding refuses symlinked and non-regular leaf files
2026-10-01T03:51:43.7020555Z Note: switching to '3c4ca5e57a3dc72f3f4a3deb986a81930911cf37'.
2026-10-01T03:51:43.7054568Z 
2026-10-01T03:51:43.7055650Z You are in 'detached HEAD' state. You can look around, make experimental
2026-10-01T03:51:43.7056406Z changes and commit them, and you can discard any commits you make in this
2026-10-01T03:51:43.7057491Z state without impacting any branches by switching back to a branch.
2026-10-01T03:51:43.7057960Z 
2026-10-01T03:51:43.7058342Z If you want to create a new branch to retain commits you create, you may
2026-10-01T03:51:43.7059040Z do so (now or later) by using -c with the switch command. Example:
2026-10-01T03:51:43.7059481Z 
2026-10-01T03:51:43.7059723Z   git switch -c <new-branch-name>
2026-10-01T03:51:43.7060062Z 
2026-10-01T03:51:43.7060301Z Or undo this operation with:
2026-10-01T03:51:43.7060652Z 
2026-10-01T03:51:43.7060893Z   git switch -
2026-10-01T03:51:43.7061150Z 
2026-10-01T03:51:43.7061525Z Turn off this advice by setting config variable advice.detachedHead to false
2026-10-01T03:51:43.7062047Z 
2026-10-01T03:51:45.4335025Z ok - home reseeding preserves and enforces the durable parent binding
2026-10-01T03:51:56.8634847Z ok - secondmate spawn validates homes before launch
2026-10-01T03:52:02.0044974Z ok - secondmate spawn refuses operational directories outside the subhome
2026-10-01T03:52:02.8716905Z ok - fm-send refuses a bare firstmate window with no metadata in this home
2026-10-01T03:52:05.3175816Z ok - secondmate teardown retires empty homes and releases routing
2026-10-01T03:52:12.0700036Z ok - secondmate teardown refuses ambiguous and identity-mismatched registry bindings
2026-10-01T03:52:15.5307589Z ok - normal secondmate teardown sweeps process events before removal
2026-10-01T03:52:18.1733948Z ok - secondmate teardown preserves state when process-event sweeping is unavailable
2026-10-01T03:52:20.6574814Z ok - later teardown refusals preserve active process-event sources
2026-10-01T03:52:25.8718285Z ok - force teardown sweeps nested secondmate homes before deletion
2026-10-01T03:52:29.8085303Z ok - force teardown preserves nested process-event restoration status and recovery state
2026-10-01T03:52:32.9935291Z ok - secondmate teardown refuses to hide failed leased-home return
2026-10-01T03:52:36.4485253Z ok - secondmate teardown raw-removes plain-clone homes
2026-10-01T03:52:42.6009220Z ok - secondmate force teardown discards child work
2026-10-01T03:52:46.4349445Z ok - forced secondmate teardown refuses duplicated descendant pool slots
2026-10-01T03:52:50.2404773Z ok - secondmate force teardown preserves child worktree after unproven lock refusal
2026-10-01T03:53:00.1582052Z ok - force teardown allows non-state operational directory symlinks inside the subhome
2026-10-01T03:53:02.3214081Z ok - force teardown refuses operational directory symlinks outside the subhome
2026-10-01T03:53:04.4525797Z ok - secondmate teardown refuses homes containing registered nested homes
2026-10-01T03:53:06.8556192Z ok - secondmate teardown refuses nested homes from the child registry
2026-10-01T03:53:09.0745386Z ok - force teardown validates subhome before child cleanup
2026-10-01T03:53:11.1716305Z ok - forced teardown refuses a non-directory descendant state path
2026-10-01T03:53:13.7516740Z ok - forced teardown refuses a symlinked descendant state path
2026-10-01T03:53:16.2855324Z ok - forced teardown locks a descendant whose state directory was absent
2026-10-01T03:53:19.1118346Z ok - forced teardown refuses while a fresh task is being published in the home
2026-10-01T03:53:19.5832430Z ok - a fresh spawn refuses to publish while a forced teardown owns the task set
2026-10-01T03:53:19.9325005Z ok - a fresh remote secondmate spawn refuses while the task set is owned
2026-10-01T03:53:22.2927460Z ok - force teardown refuses child worktrees inside the active home
2026-10-01T03:53:23.5393168Z ok - force teardown refuses child worktrees inside the firstmate repo
2026-10-01T03:53:25.9888311Z ok - force teardown refuses unregistered child worktree paths
2026-10-01T03:53:33.4717190Z ok - secondmate teardown path-boundary matrix refuses unmarked/ancestor/active-descendant/repo-descendant homes
2026-10-01T03:53:36.5353071Z ok - idle kind=secondmate pane is healthy and not stale
2026-10-01T03:53:36.6260931Z ok - secondmate charter brief is idle by default and does not self-initiate work
2026-10-01T03:53:37.9018647Z ok - fm-backlog-handoff aborts atomically on unmatched, in-flight, and unregistered targets
2026-10-01T03:53:39.7814249Z ok - fm-backlog-handoff refuses Done items under whitespace section headings and unsafe homes
2026-10-01T03:53:44.4615118Z FM_TEST_END 2026-10-01T03:53:44Z tests/fm-secondmate-safety.test.sh exit=0 duration_ms=169865 gate_skip=false
2026-10-01T03:53:44.5177659Z FM_TEST_BEGIN 2026-10-01T03:53:44Z tests/fm-control-relaunch.test.sh family=backend-dispatch expected_gate_skip=none
2026-10-01T03:53:49.3691159Z ok - fm-control relaunch: a same-harness relaunch replaces the agent in the same endpoint and worktree
2026-10-01T03:53:50.3813371Z ok - fm-control relaunch: pending composer text refuses before the exit command is typed
2026-10-01T03:53:51.3835339Z ok - fm-control relaunch: an unreadable composer fails safe before the exit command is typed
2026-10-01T03:53:55.5965305Z ok - fm-control relaunch: a linked spawning home preserves committed and unfinished work in the recorded copy
2026-10-01T03:53:59.9801428Z ok - fm-control relaunch: durable task metadata survives replacement launch publication
2026-10-01T03:54:05.2284886Z ok - fm-control relaunch: delivery and concurrent task metadata publication serialize
2026-10-01T03:54:09.4386903Z ok - fm-control relaunch: disabling tracing clears metadata and pane context
2026-10-01T03:54:13.6304812Z ok - fm-control relaunch: progress and the Firstmate-worktree worker identity reach the replacement
2026-10-01T03:54:14.0446040Z ok - fm-control relaunch: a ship task refuses without the progress note its replacement needs
2026-10-01T03:54:17.9649560Z ok - fm-control relaunch: switching harness is one ordinary relaunch, and the old wiring goes with the old agent
2026-10-01T03:54:21.9915305Z ok - fm-control relaunch: a harness switch resets model and effort unless they are named too
2026-10-01T03:54:26.2558692Z ok - fm-control relaunch: a prefixed recorded harness can switch adapters transactionally
2026-10-01T03:54:26.6742046Z ok - fm-control relaunch: a prefixed command requires an explicit replacement harness
2026-10-01T03:54:30.8196906Z ok - fm-control relaunch: a same-harness relaunch keeps the profile axes it was running with
2026-10-01T03:54:35.4296264Z ok - native Ultra relaunch preserves its profile and rejects an unsupported model before stopping
2026-10-01T03:54:39.9308674Z ok - fm-control relaunch: explicit model and effort win over the recorded ones
2026-10-01T03:54:40.3527431Z ok - fm-control relaunch: refuses to relaunch onto an adapter with no verified mechanics
2026-10-01T03:54:44.3945186Z ok - fm-control relaunch: the retired incarnation's global turn-end token is revoked
2026-10-01T03:54:46.9585379Z ok - fm-control relaunch: wiring cleanup failure refuses replacement arming
2026-10-01T03:54:46.9845462Z ok - fm-control-lib: one owner resolves each harness's turn-end registry entry, and refuses a malformed token
2026-10-01T03:54:51.0540275Z ok - fm-control relaunch: a secondmate relaunch re-resolves its durable configured harness pin
2026-10-01T03:54:54.9928683Z ok - fm-control relaunch: invalid configured effort is ignored before stop
2026-10-01T03:54:56.1465420Z ok - fm-control relaunch: an adapter unverified for this task kind refuses before the agent is stopped
2026-10-01T03:54:59.9438338Z ok - fm-control relaunch: explicit secondmate harness resets unnamed profile axes
2026-10-01T03:55:04.0269629Z ok - fm-control relaunch: a ship task keeps its recorded harness instead of re-reading crew config
2026-10-01T03:55:06.9895396Z ok - fm-spawn --relaunch: with no explicit harness it reuses the task's recorded one, never the crew default
2026-10-01T03:55:22.5649601Z ok - fm-promote/fm-spawn --relaunch: the current ship contract supersedes stale scout delivery text
2026-10-01T03:55:25.6724855Z ok - fm-spawn --relaunch: wiring armed under a prefixed harness name is still retired
2026-10-01T03:55:28.5727027Z ok - fm-spawn --relaunch: switching away from muse retires its session binding
2026-10-01T03:55:31.8445785Z ok - fm-spawn --relaunch: switching away from cursor retires its session binding
2026-10-01T03:55:32.2662149Z ok - fm-control relaunch: an unaccountable local copy refuses before the agent is touched
2026-10-01T03:55:32.7604904Z ok - fm-control relaunch: a worker with nothing to work from is never launched
2026-10-01T03:55:33.1425000Z ok - fm-control relaunch: a refusal before the agent is stopped leaves the durable record untouched
2026-10-01T03:55:34.0454755Z ok - fm-control relaunch: checkpoint inspection failures refuse before stopping
2026-10-01T03:55:36.7226545Z ok - fm-control relaunch: a launch failure after the stop keeps the prior record and reports the real state
2026-10-01T03:55:49.7564753Z ok - fm-control relaunch: unpublished rollback keeps concurrent durable metadata
2026-10-01T03:55:53.7138504Z ok - fm-control relaunch: post-publication failure keeps the new durable record
2026-10-01T03:55:54.7779064Z ok - fm-control relaunch: partial stop reconciles actual agent state
2026-10-01T03:55:58.8074378Z ok - fm-control relaunch: failed journal replacement preserves durable phase
2026-10-01T03:56:01.8000628Z ok - fm-spawn relaunch: prepublication abort removes replacement state
2026-10-01T03:56:06.0788204Z ok - fm-control relaunch: the checkpoint records the exact unlanded work it preserved
2026-10-01T03:56:10.0705428Z ok - fm-control relaunch: a secondmate's child work is accounted for and its charter is left alone
2026-10-01T03:56:10.5554920Z ok - fm-control relaunch: a secondmate home that is not this secondmate's is refused
2026-10-01T03:56:11.5537230Z ok - fm-control relaunch: unreadable and untraversable child state fails checkpoint
2026-10-01T03:56:11.9316736Z ok - fm-control relaunch: two control actions on one task serialize instead of interleaving
2026-10-01T03:56:12.4330821Z ok - fm-spawn relaunch: direct entry participates in lifecycle serialization
2026-10-01T03:56:12.7895194Z ok - fm-promote: promotion participates in lifecycle serialization
2026-10-01T03:56:13.7085058Z ok - fm-spawn --relaunch: refuses to launch a second agent into a live endpoint
2026-10-01T03:56:14.3563017Z ok - fm-spawn --relaunch: symlinked records refuse before inspection
2026-10-01T03:56:17.4454105Z ok - fm-spawn --relaunch: keeps its early meta lock continuous
2026-10-01T03:56:18.7898789Z ok - fm-spawn --relaunch: pending closes refuse before replacement begins
2026-10-01T03:56:19.7812430Z ok - fm-spawn --relaunch: every identity axis comes from the record, and a contradicting flag refuses
2026-10-01T03:56:20.3014594Z ok - fm-spawn --relaunch: an unrecorded task is refused
2026-10-01T03:56:21.8735466Z ok - fm-spawn --relaunch: refuses to start a replacement outside the copy holding its work
2026-10-01T03:56:27.7480419Z ok - relaunch re-reads the backlog item instead of blindly re-running the transition
2026-10-01T03:56:33.9626241Z ok - relaunch heals an item that drifted out of In flight while the task stayed live
2026-10-01T03:56:35.1056638Z FM_TEST_END 2026-10-01T03:56:35Z tests/fm-control-relaunch.test.sh exit=0 duration_ms=170574 gate_skip=false
2026-10-01T03:56:35.1495052Z FM_TEST_BEGIN 2026-10-01T03:56:35Z tests/fm-vendor-auth-probe.test.sh family=pure-contract-unit expected_gate_skip=none
2026-10-01T03:56:35.7285123Z ok - the probe accepts no harness, model, or provider and so can hold no routing mapping
2026-10-01T03:56:35.9460617Z ok - the probe never reads quota, leaving one intake snapshot to the dispatch owner
2026-10-01T03:56:36.4376649Z ok - every probe result exits alike because the script renders no verdict
2026-10-01T03:56:36.6444969Z ok - only a registered probe name runs, and an unregistered one is a usage error
2026-10-01T03:56:36.7469498Z ok - an authenticated vendor session is reported as ground truth
2026-10-01T03:56:36.8664954Z ok - an unauthenticated vendor session is reported as ground truth
2026-10-01T03:56:37.2482235Z ok - unrecognized, blank-led, and silent probe output is indeterminate, never authenticated
2026-10-01T03:56:37.3445549Z ok - an absent vendor CLI is reported rather than assumed authenticated
2026-10-01T03:56:39.4675839Z ok - a hanging vendor CLI is hard-bounded, reported, and cannot wedge an intake
2026-10-01T03:57:19.7344950Z ok - zero and all-zero bounds fall back to the default instead of removing the hard bound
2026-10-01T03:57:20.3215684Z ok - a malformed bound is replaced by the default rather than forwarded
2026-10-01T03:57:20.4595388Z ok - the bounded probe runs with stdin closed and cannot read caller input
2026-10-01T03:57:20.8215027Z ok - the vendor CLI is invoked only through its two fixed, non-destructive argv forms
2026-10-01T03:57:20.9445385Z ok - the fact line is one sanitized line with no raw vendor output or credential material
2026-10-01T03:57:21.0704834Z ok - a vendor CLI version change is recorded and disclosed for re-verification
2026-10-01T03:57:21.2065516Z ok - the pinned verified vendor version is recognized
2026-10-01T03:57:21.2174442Z ok - --help succeeds and names the registered probes
2026-10-01T03:57:21.3156494Z FM_TEST_END 2026-10-01T03:57:21Z tests/fm-vendor-auth-probe.test.sh exit=0 duration_ms=46143 gate_skip=false
2026-10-01T03:57:21.3824893Z FM_TEST_BEGIN 2026-10-01T03:57:21Z tests/fm-classify-corr-token.test.sh family=standalone expected_gate_skip=none
2026-10-01T03:57:29.3008280Z ok - a correlation token between the verb and the key breaks neither opening nor closing
2026-10-01T03:57:37.8719544Z ok - the token is read through before the key, after it, doubled, bracketed, and unkeyed
2026-10-01T03:57:42.7133331Z ok - the untokened opener/closer pair behaves exactly as before
2026-10-01T03:58:09.4213591Z ok - prose, malformed, wrong-length and unknown name=value tokens stay non-transitions
2026-10-01T03:58:13.0675045Z ok - a token-first line cannot impersonate any opening or closing verb
2026-10-01T03:58:13.1295047Z ok - untokened captain-relevance, pause, terminal-verb and captain-held verdicts are unchanged
2026-10-01T03:58:13.1685486Z ok - captain-relevance, terminal-verb, pause and captain-held all read through the token
2026-10-01T03:58:13.2074811Z ok - the daemon and crew-state verb case arms read through the token
2026-10-01T03:58:18.0713602Z ok - reading through the token does not weaken the reserved-key namespace rule
2026-10-01T03:58:21.2184581Z ok - the cursor-backed fold and the whole-file fold agree on every correlated transition
2026-10-01T03:58:23.2265050Z ok - a cursor persisted under the previous reading is discarded and refolded
2026-10-01T03:58:24.4203628Z ok - both real correlation-token writers produce lines this classifier reads through
2026-10-01T03:58:24.5625174Z FM_TEST_END 2026-10-01T03:58:24Z tests/fm-classify-corr-token.test.sh exit=0 duration_ms=63151 gate_skip=false
2026-10-01T03:58:24.6092427Z FM_TEST_BEGIN 2026-10-01T03:58:24Z tests/fm-cursor-harness.test.sh family=standalone expected_gate_skip=none
2026-10-01T03:58:25.1485535Z ok - fm_cursor_process_matches: cursor's real shapes identify; real node/agent lookalikes do not
2026-10-01T03:58:25.1968270Z ok - fm_cursor_process_matches: name and install-tree signals each carry a verdict alone
2026-10-01T03:58:25.2864982Z ok - fm_cursor_verify_executable: the legacy alias is accepted only with cursor evidence
2026-10-01T03:58:25.3104691Z ok - fm_cursor_resolve_binary: prints the stable launcher, not the versioned target
2026-10-01T03:58:25.4895438Z ok - tmux liveness: a cursor pane is agent; an unrelated node/agent is other, never dead
2026-10-01T03:58:26.9025725Z ok - fm-harness.sh: cursor's marker outranks an inherited CLAUDECODE when ancestry is silent
2026-10-01T03:58:27.5402009Z ok - fm-harness.sh: cursor-like node script names do not establish ancestry identity
2026-10-01T03:58:27.8204902Z ok - cursor transcript fold: role:user opens a turn, turn_ended closes it, aborts included
2026-10-01T03:58:28.0245009Z ok - cursor transcript fold: malformed closes cannot settle through either parser
2026-10-01T03:58:28.2334140Z ok - cursor transcript fold: partial appends never make an active turn idle
2026-10-01T03:58:28.3425867Z ok - cursor transcript fold: an unresolvable binding is unknown, never idle
2026-10-01T03:58:28.4595733Z ok - cursor transcript binding: exact recorded workspacePath only, never a prefix or rebuilt slug
2026-10-01T03:58:28.5977057Z ok - cursor transcript fold: a prior conversation is excluded so a relaunch folds its own turn
2026-10-01T03:58:55.1135184Z FM_TEST_END 2026-10-01T03:58:55Z tests/fm-cursor-harness.test.sh exit=0 duration_ms=30466 gate_skip=false
2026-10-01T03:58:55.1745150Z FM_TEST_BEGIN 2026-10-01T03:58:55Z tests/fm-voice-relay.test.sh family=standalone expected_gate_skip=none
2026-10-01T03:58:55.4944929Z ok - wire format round trips and rejects a desynchronised stream
2026-10-01T03:58:56.0421724Z ok - the relay refuses a desynchronised uplink header instead of waiting for its payload
2026-10-01T03:58:56.1540856Z ok - the relay reads whose account to use from this home and refuses to guess
2026-10-01T03:58:56.2699697Z ok - an unconfigured home can still read how to configure the relay
2026-10-01T03:58:56.6603129Z ok - the model-backed subcommands refuse by name while note keeps working
2026-10-01T03:58:56.6754621Z ok - fm-inbox.sh --help prints its whole header, privacy paragraph included
2026-10-01T03:58:56.8217027Z ok - the relay and the reader agree on the tool names and the handover argument
2026-10-01T03:58:58.3735247Z ok - credentials are resolved once per relay, refreshed before expiry, off the event loop
2026-10-01T03:58:58.5434949Z ok - a turn the model refuses is announced and costs one turn, not the relay
2026-10-01T03:58:58.7275288Z ok - audio that arrives with no turn open is dropped, not turned into a turn
2026-10-01T03:58:58.8624791Z ok - a failure inside the model reader costs one turn, not every later one
2026-10-01T03:58:58.8644260Z ok - a reader failure is named to the captain, a clean end and a close are not
2026-10-01T03:58:59.0455769Z usage: fm-voice-client.py [-h] [--host HOST] [--local] [--relay RELAY]
2026-10-01T03:58:59.0494530Z                           [--relay-python RELAY_PYTHON]
2026-10-01T03:58:59.0503980Z                           [--relay-arg RELAY_ARG]
2026-10-01T03:58:59.0507865Z                           [--listen {push-to-talk,open-mic}] [--runs RUNS]
2026-10-01T03:58:59.0554515Z                           [--talk-seconds TALK_SECONDS] [--in-file IN_FILE]
2026-10-01T03:58:59.0555583Z                           [--out-file OUT_FILE] [--input-device INPUT_DEVICE]
2026-10-01T03:58:59.0574421Z                           [--output-device OUTPUT_DEVICE] [--timeout TIMEOUT]
2026-10-01T03:58:59.0575290Z                           [--wait-for-reply | --no-wait-for-reply]
2026-10-01T03:58:59.0575998Z                           [--gap-seconds GAP_SECONDS]
2026-10-01T03:58:59.0576622Z                           [--audio-idle AUDIO_IDLE] [--verbose]
2026-10-01T03:58:59.0577579Z fm-voice-client.py: error: say where the relay is: --relay <path to fm-voice-relay.py on the desktop>, or set FM_VOICE_RELAY
2026-10-01T03:58:59.0578608Z usage: fm-voice-client.py [-h] [--host HOST] [--local] [--relay RELAY]
2026-10-01T03:58:59.0579296Z                           [--relay-python RELAY_PYTHON]
2026-10-01T03:58:59.0579831Z                           [--relay-arg RELAY_ARG]
2026-10-01T03:58:59.0580423Z                           [--listen {push-to-talk,open-mic}] [--runs RUNS]
2026-10-01T03:58:59.0581082Z                           [--talk-seconds TALK_SECONDS] [--in-file IN_FILE]
2026-10-01T03:58:59.0581736Z                           [--out-file OUT_FILE] [--input-device INPUT_DEVICE]
2026-10-01T03:58:59.0582408Z                           [--output-device OUTPUT_DEVICE] [--timeout TIMEOUT]
2026-10-01T03:58:59.0583037Z                           [--wait-for-reply | --no-wait-for-reply]
2026-10-01T03:58:59.0583947Z                           [--gap-seconds GAP_SECONDS]
2026-10-01T03:58:59.0584593Z                           [--audio-idle AUDIO_IDLE] [--verbose]
2026-10-01T03:58:59.0586574Z fm-voice-client.py: error: --listen open-mic is not built yet: it needs end-of-speech detection to know when a turn ended, which lands with session continuity across turns, so it would stream forever and never end a turn. Use the default --listen push-to-talk.
2026-10-01T03:58:59.4594610Z client: connection lost: stream ended after 2 of the 5 bytes of a frame header
2026-10-01T03:58:59.6755326Z client: connection lost: [Errno 104] Connection reset by peer
2026-10-01T03:59:06.8644919Z client: discarded 15 bytes your login shell printed before the relay started: b'You have mail.\n'
2026-10-01T03:59:06.9718354Z ok - the laptop client builds the right remote command and survives a chatty login shell
2026-10-01T03:59:07.4464584Z ok - the client runs from a laptop holding only the two files the guide names
2026-10-01T03:59:07.6644878Z ok - --listen open-mic refuses at startup, before it opens anything
2026-10-01T03:59:07.7384291Z ok - the narrow scope answers how much is waiting without saying what it is
2026-10-01T03:59:07.7944752Z ok - the wide scope names open work and reports state without quoting event lines
2026-10-01T03:59:07.8357349Z ok - an absent read-scope setting means the narrowest answer, not the widest
2026-10-01T03:59:07.8915083Z ok - a home widens its own read scope by writing the setting
2026-10-01T03:59:08.1004979Z ok - finished work and note bodies never reach a spoken answer at any scope
2026-10-01T03:59:08.1006298Z ok - excluding a note body does not distort the counts
2026-10-01T03:59:08.1684010Z ok - a denied item becomes a withheld count without hiding that work exists
2026-10-01T03:59:08.2510798Z ok - the deny list matches regardless of case
2026-10-01T03:59:08.3309957Z ok - an item denied in more than one list is counted as withheld once
2026-10-01T03:59:08.7265469Z ok - one deny decision per item covers every list that item could appear in
2026-10-01T03:59:08.8325072Z ok - the state verb is a closed vocabulary, so free text cannot ride out on it
2026-10-01T03:59:09.0439522Z ok - the backlog and the state directory always come from the same home
2026-10-01T03:59:09.1232492Z ok - a finished task's pull request is neither counted nor named
2026-10-01T03:59:09.2053025Z ok - a deny substring on an open title removes its pull request and says so
2026-10-01T03:59:09.2934661Z ok - an unknown read scope refuses instead of widening
2026-10-01T03:59:09.4275327Z ok - the configured read scope is honoured
2026-10-01T03:59:09.9539058Z ok - handover queues the request for firstmate and wakes it exactly once
2026-10-01T03:59:10.5389649Z ok - the reader and the queue resolve the state directory the same way
2026-10-01T03:59:10.6254266Z ok - an empty request is refused rather than queued as a blank note
2026-10-01T03:59:10.7004760Z ok - a home with no records answers nothing rather than failing
2026-10-01T03:59:17.8180494Z ok - a spoken turn goes out and comes back: the records answer, firstmate gets the work
2026-10-01T03:59:23.1818699Z ok - a model session that ends mid-conversation costs one turn, not the relay
2026-10-01T03:59:23.4181188Z ok - a desynchronised uplink is named to the client before the goodbye, not only to stderr
2026-10-01T03:59:26.1011234Z ok - the desktop's own check answers from the records and times it from the talk end
2026-10-01T03:59:29.3944885Z ok - a reply that arrives before the end of the clip is named as an unusable clock
2026-10-01T03:59:29.3946035Z all voice relay cases passed
2026-10-01T03:59:29.5054976Z FM_TEST_END 2026-10-01T03:59:29Z tests/fm-voice-relay.test.sh exit=0 duration_ms=34299 gate_skip=false
2026-10-01T03:59:29.5379765Z FM_TEST_BEGIN 2026-10-01T03:59:29Z tests/fm-calm-claude-mod-plugin.test.sh family=live-harness-optin expected_gate_skip=live-capability
2026-10-01T03:59:29.7545520Z skip: live: claude absent
2026-10-01T03:59:29.8355342Z FM_TEST_END 2026-10-01T03:59:29Z tests/fm-calm-claude-mod-plugin.test.sh exit=0 duration_ms=271 gate_skip=true
2026-10-01T03:59:29.8414591Z fm-test-run: gate skip: tests/fm-calm-claude-mod-plugin.test.sh: live: claude absent
2026-10-01T03:59:29.9080807Z FM_TEST_BEGIN 2026-10-01T03:59:29Z tests/fm-contributions.test.sh family=snapshot-bearings expected_gate_skip=optional-binary
2026-10-01T03:59:30.8909673Z ok - only required-captain contributions are rows; other actors are counted
2026-10-01T03:59:31.4915512Z ok - replaced-head verdict is stale and cannot create a captain requirement
2026-10-01T03:59:32.0305336Z ok - unchecked ownership is disclosed and cannot prove silence
2026-10-01T03:59:32.5925054Z ok - newest check with no verdict is distinct from passing and pending
2026-10-01T03:59:38.0273074Z ok - new maintainer comment wakes once and stays pending until acknowledged
2026-10-01T03:59:43.3344737Z ok - new maintainer review wakes once and stays pending until acknowledged
2026-10-01T03:59:48.4635241Z ok - new maintainer inline wakes once and stays pending until acknowledged
2026-10-01T03:59:54.4266348Z ok - ready-for-pr on a filed issue becomes a planning wake
2026-10-01T03:59:56.5824943Z ok - a fresh open issue remains measured maintainer triage
2026-10-01T03:59:59.6577812Z ok - an absent check lane remains missing across repeated observations
2026-10-01T04:00:00.2214837Z ok - mixed freshness retains measured captain work and discloses the gap
2026-10-01T04:00:00.8049188Z ok - malformed durable evidence cannot prove silence
2026-10-01T04:00:06.1204906Z ok - a transient ready-for-pr label wakes and its exact acknowledgement survives replay
2026-10-01T04:00:10.2225038Z ok - recorded judgment keeps its exact head and is stale immediately on a published replacement
2026-10-01T04:00:15.2165781Z ok - a current forge observation refreshes a verdict after a replacement
2026-10-01T04:00:15.4525407Z ok - an unavailable current head leaves verdict freshness unknown
2026-10-01T04:00:17.8018464Z ok - away yolo delivery is fleet work without granting merge authority
2026-10-01T04:00:19.2707366Z actionable: PR https://github.com/o/r/pull/8 is registered but its ready line did not reach the parent channel (rc=3)
2026-10-01T04:00:21.8434606Z ok - cross-home away yolo delivery is fleet work
2026-10-01T04:00:22.9907468Z ok - retired ownership persists and unsupported forge remains visibly unmeasured
2026-10-01T04:00:23.4555346Z ok - unsupported forge coverage is disclosed without inventing fleet work
2026-10-01T04:00:23.9089052Z ok - held unsupported forge coverage remains unmeasured
2026-10-01T04:00:29.8041190Z ok - shared contribution signal wakes once while retaining both acknowledgements
2026-10-01T04:00:36.7555286Z ok - watcher keeps observer diagnostics separate from contribution wakes
2026-10-01T04:00:37.9394172Z ok - expired child unsupported-forge coverage remains unmeasured
2026-10-01T04:00:47.2608067Z ok - watcher surfaces one newly durable contribution signal without re-ringing it
2026-10-01T04:00:49.5792946Z ok - parent consumes measured child coverage and refuses expired child silence
2026-10-01T04:00:49.6446082Z ok - unreadable pending signals refuse an empty-inbox claim
2026-10-01T04:00:50.3020236Z ok - budget exhausted mid-observation (exhaust) keeps the prior record and stays silent
2026-10-01T04:00:51.8972666Z ok - budget exhausted mid-observation (hang) keeps the prior record and stays silent
2026-10-01T04:00:52.7056694Z ok - a genuine forge failure inside the budget still records the error and wakes
2026-10-01T04:00:55.9545048Z ok - a URL owned by two tasks is observed once and every owner receives the result
2026-10-01T04:01:01.6255300Z ok - a merged or closed contribution settles once, is not re-read, and never wakes again
2026-10-01T04:01:03.3612290Z ok - a late owner inherits a terminal observation without a forge read or wake
2026-10-01T04:01:05.1443358Z ok - a diverged owner converges onto the terminal observation without a forge read or wake
2026-10-01T04:01:07.1764972Z ok - an open PR linked from a done task keeps being observed
2026-10-01T04:01:10.1278464Z ok - a repeated read failure on an open PR records its error but wakes once per episode
2026-10-01T04:01:13.2884737Z ok - a late owner does not restart a shared forge failure episode
2026-10-01T04:01:13.4964854Z FM_TEST_END 2026-10-01T04:01:13Z tests/fm-contributions.test.sh exit=0 duration_ms=103575 gate_skip=false
2026-10-01T04:01:13.5795794Z FM_TEST_BEGIN 2026-10-01T04:01:13Z tests/fm-mail.test.sh family=watcher-wake-lock expected_gate_skip=none
2026-10-01T04:01:13.9134993Z ok - fm-mail: missing required configuration fails cleanly naming the variable
2026-10-01T04:01:14.2164126Z ok - fm-mail: environment values override the .env file
2026-10-01T04:01:14.3812190Z ok - fm-mail: status succeeds without network and prints configuration
2026-10-01T04:01:14.4050829Z ok - fm-mail: --help prints usage for every subcommand
2026-10-01T04:01:14.4274459Z ok - fm-mail: unknown subcommand prints usage and exits non-zero
2026-10-01T04:01:14.5950379Z ok - fm-mail: status never prints the password
2026-10-01T04:01:14.6461517Z ok - fm-mail: send passes body not empty through stdin
2026-10-01T04:01:14.8370602Z ok - fm-mail: poll propagates errors instead of swallowing them
2026-10-01T04:01:15.7502270Z ok - fm-mail: poll surfaces each new uid exactly once
2026-10-01T04:01:16.7949030Z ok - fm-mail: generation change prevents a reused uid from being suppressed
2026-10-01T04:01:17.6104870Z ok - fm-mail: poll heals a wake whose cursor record was interrupted
2026-10-01T04:01:18.4900329Z ok - fm-mail: a poll interrupted before evidence writes does not duplicate on recovery
2026-10-01T04:01:19.8275089Z ok - fm-mail: the poll lock serializes overlapping polls so mail wakes exactly once
2026-10-01T04:01:20.8563945Z ok - fm-mail: journal recovers a wake the drain already acknowledged
2026-10-01T04:01:21.8944224Z ok - fm-mail: an acknowledged wake whose cursor record was lost is recovered from the journal
2026-10-01T04:01:22.6155853Z ok - fm-mail: a legacy generation-less wake never marks a reused uid surfaced
2026-10-01T04:01:22.6594961Z ok - fm-mail: a missing wake library fails the poll instead of suppressing mail
2026-10-01T04:01:25.7574068Z ok - fm-mail: a wake with no durable record is rolled back, not left ackable
2026-10-01T04:01:26.7910000Z ok - fm-mail: a rollback failure never releases a wake the drain could acknowledge without a durable record
2026-10-01T04:01:28.3305983Z ok - fm-mail: per-poll wake cap bounds the durable queue without missing mail
2026-10-01T04:01:29.8440809Z ok - fm-mail: poll sanitizes tabs and newlines in header fields
2026-10-01T04:01:32.1922954Z ok - fm-mail: bounded fetch makes progress through a large backlog without re-surfacing mail
2026-10-01T04:01:32.2863094Z ok - fm-mail: an unfetchable uid is surfaced degraded and cannot starve later mail
2026-10-01T04:01:33.8141994Z ok - fm-mail: a transient fetch failure recovers real metadata on a later poll
2026-10-01T04:01:34.1034893Z ok - fm-mail: the retry-scan cursor advances past persistent failures
2026-10-01T04:01:34.3955101Z ok - fm-mail: retry-scan position does not advance past an unpublished wake
2026-10-01T04:01:34.4880683Z ok - fm-mail: retry budget advances the scan by examined candidates, not the window
2026-10-01T04:01:34.6864821Z ok - fm-mail: a retry window of unseen uids never stalls the cursor
2026-10-01T04:01:34.8676271Z ok - fm-mail: an unfetchable retry window still advances while new mail fills out
2026-10-01T04:01:35.0484927Z ok - fm-mail: an unseen retry window still advances while new mail fills out
2026-10-01T04:01:35.1365014Z ok - fm-mail: hung logout cannot advance the retry-scan position
2026-10-01T04:01:35.2351319Z ok - fm-mail: poll_list logs out when IMAP work fails after login
2026-10-01T04:01:35.3405968Z ok - fm-mail: retry-scan position is not saved when a row is emitted
2026-10-01T04:01:35.9210065Z ok - fm-mail: small retry window rotates past an unfetchable prefix
2026-10-01T04:01:36.0105281Z ok - fm-mail: cap-one turn is not saved before emit/flush
2026-10-01T04:01:36.1935390Z ok - fm-mail: a failed retry-pos write does not spend the cap-one retry turn
2026-10-01T04:01:36.2866904Z ok - fm-mail: the reserved retry budget survives a new-mail flood
2026-10-01T04:01:36.3780656Z ok - fm-mail: a retry uid whose degraded wake never recorded is re-surfaced, not dropped
2026-10-01T04:01:36.4768216Z ok - fm-mail: a cap of one never suppresses new mail while retries exist
2026-10-01T04:01:36.6684577Z ok - fm-mail: a single contended slot alternates between new mail and retry recovery
2026-10-01T04:01:36.8611291Z ok - fm-mail: a zero retry budget leaves the retry-scan position unchanged
2026-10-01T04:01:37.0207249Z ok - fm-mail: a failed retry write fails the poll instead of losing recovery
2026-10-01T04:01:37.3244857Z ok - fm-mail: a journal write failure never cursor-records a suppressed mail
2026-10-01T04:01:37.8965101Z ok - fm-mail: a failed retry clear fails the poll; the published wake stays and the retry entry remains
2026-10-01T04:01:38.1745268Z ok - fm-mail: a failed stale-retry clear fails the poll instead of silently leaving a duplicate-wake entry
2026-10-01T04:01:38.1765940Z ok - tests/lib: assert_equals fails on mismatch so cursor assertions cannot false-pass
2026-10-01T04:01:38.5632728Z ok - fm-mail: a failed poll_list fails closed, wakes nothing, and releases the lock
2026-10-01T04:01:38.8647315Z ok - fm-mail: a recovered wake that cannot append restores the retry instead of stranding the metadata
2026-10-01T04:01:39.4608681Z ok - fm-mail: a death between retry remove and wake publish cannot strand recovered metadata
2026-10-01T04:01:39.5946322Z ok - fm-mail: a raised FETCH surfaces that uid degraded and advances
2026-10-01T04:01:39.7586632Z ok - fm-mail: the journal survives when the heal cannot commit a uid
2026-10-01T04:01:39.9275271Z ok - fm-mail: heal failure with unseen mail fails the poll instead of re-waking
2026-10-01T04:01:40.0335007Z ok - fm-mail: an empty plain-text alternative falls back to the html preview
2026-10-01T04:01:40.1344306Z ok - fm-mail: body_preview does not crash on a None payload
2026-10-01T04:01:40.2352966Z ok - fm-mail: read tolerates a None payload without crashing
2026-10-01T04:01:40.3246050Z ok - fm-mail: read does not silently hide an unfetchable uid
2026-10-01T04:01:40.3387820Z ok - fm-mail: a non-numeric port fails cleanly in bash
2026-10-01T04:01:40.4452718Z FM_TEST_END 2026-10-01T04:01:40Z tests/fm-mail.test.sh exit=0 duration_ms=26866 gate_skip=false
2026-10-01T04:01:40.4748248Z FM_TEST_BEGIN 2026-10-01T04:01:40Z tests/fm-pr-reviewers.test.sh family=pr-forge expected_gate_skip=none
2026-10-01T04:01:40.7034829Z ok - reviewer candidates use API-resolved logins and unique commits
2026-10-01T04:01:40.7808817Z ok - author-only evidence produces no candidate and says why
2026-10-01T04:01:40.8298442Z ok - argument and lookup refusals exit nonzero
2026-10-01T04:01:40.8836917Z FM_TEST_END 2026-10-01T04:01:40Z tests/fm-pr-reviewers.test.sh exit=0 duration_ms=394 gate_skip=false
2026-10-01T04:01:40.9175674Z FM_TEST_BEGIN 2026-10-01T04:01:40Z tests/fm-send-agy-confirm.test.sh family=unclassified expected_gate_skip=none
2026-10-01T04:01:42.1608059Z ok - agy typed send: no not-submitted refusal on confirmed idle-to-busy
2026-10-01T04:01:42.1732380Z ok - agy typed send: sleep log shows the confirm poll running to the late busy render
2026-10-01T04:01:43.2671158Z ok - agy typed send: explicit FM_SEND_RETRIES=3 keeps the exit-1 verdict=unknown refusal
2026-10-01T04:01:44.5652369Z ok - agy typed send: never-rendering busy footer still refuses with verdict=unknown
2026-10-01T04:01:45.5539149Z ok - agy typed send: long-brief render (15th poll) still confirms idle-to-busy
2026-10-01T04:01:46.2075996Z ok - claude typed send: late busy footer still refuses (agy budget is agy-scoped)
2026-10-01T04:01:46.2453007Z FM_TEST_END 2026-10-01T04:01:46Z tests/fm-send-agy-confirm.test.sh exit=0 duration_ms=5324 gate_skip=false
2026-10-01T04:01:46.2693072Z FM_TEST_BEGIN 2026-10-01T04:01:46Z tests/fm-bootstrap.test.sh family=session-bootstrap expected_gate_skip=none
2026-10-01T04:01:46.5018930Z fatal: not a git repository (or any of the parent directories): .git
2026-10-01T04:01:46.5031225Z fatal: not a git repository (or any of the parent directories): .git
2026-10-01T04:01:46.6533390Z fatal: not a git repository (or any of the parent directories): .git
2026-10-01T04:01:46.6546321Z fatal: not a git repository (or any of the parent directories): .git
2026-10-01T04:01:46.8195260Z fatal: not a git repository (or any of the parent directories): .git
2026-10-01T04:01:46.8208554Z fatal: not a git repository (or any of the parent directories): .git
2026-10-01T04:01:46.9440422Z fatal: not a git repository (or any of the parent directories): .git
2026-10-01T04:01:46.9451863Z fatal: not a git repository (or any of the parent directories): .git
2026-10-01T04:01:47.0705483Z fatal: not a git repository (or any of the parent directories): .git
2026-10-01T04:01:47.0741083Z fatal: not a git repository (or any of the parent directories): .git
2026-10-01T04:01:47.2106951Z fatal: not a git repository (or any of the parent directories): .git
2026-10-01T04:01:47.2121114Z fatal: not a git repository (or any of the parent directories): .git
2026-10-01T04:01:47.3604668Z fatal: not a git repository (or any of the parent directories): .git
2026-10-01T04:01:47.3617370Z fatal: not a git repository (or any of the parent directories): .git
2026-10-01T04:01:47.4995341Z fatal: not a git repository (or any of the parent directories): .git
2026-10-01T04:01:47.5008597Z fatal: not a git repository (or any of the parent directories): .git
2026-10-01T04:01:47.6226782Z fatal: not a git repository (or any of the parent directories): .git
2026-10-01T04:01:47.6237676Z fatal: not a git repository (or any of the parent directories): .git
2026-10-01T04:01:47.7698210Z fatal: not a git repository (or any of the parent directories): .git
2026-10-01T04:01:47.7711645Z fatal: not a git repository (or any of the parent directories): .git
2026-10-01T04:01:47.7767847Z ok - bootstrap reports treehouse lease + tasks-axi/quota-axi bootstrap contracts
2026-10-01T04:01:47.9070654Z fatal: not a git repository (or any of the parent directories): .git
2026-10-01T04:01:47.9081839Z fatal: not a git repository (or any of the parent directories): .git
2026-10-01T04:01:48.0382545Z fatal: not a git repository (or any of the parent directories): .git
2026-10-01T04:01:48.0394525Z fatal: not a git repository (or any of the parent directories): .git
2026-10-01T04:01:48.1759378Z fatal: not a git repository (or any of the parent directories): .git
2026-10-01T04:01:48.1771544Z fatal: not a git repository (or any of the parent directories): .git
2026-10-01T04:01:48.3126721Z fatal: not a git repository (or any of the parent directories): .git
2026-10-01T04:01:48.3137230Z fatal: not a git repository (or any of the parent directories): .git
2026-10-01T04:01:48.4505880Z fatal: not a git repository (or any of the parent directories): .git
2026-10-01T04:01:48.4518595Z fatal: not a git repository (or any of the parent directories): .git
2026-10-01T04:01:48.4574404Z ok - bootstrap enforces no-mistakes minimum version
2026-10-01T04:01:48.5904396Z fatal: not a git repository (or any of the parent directories): .git
2026-10-01T04:01:48.5916849Z fatal: not a git repository (or any of the parent directories): .git
2026-10-01T04:01:48.7421994Z fatal: not a git repository (or any of the parent directories): .git
2026-10-01T04:01:48.7437128Z fatal: not a git repository (or any of the parent directories): .git
2026-10-01T04:01:48.8844331Z fatal: not a git repository (or any of the parent directories): .git
2026-10-01T04:01:48.8856604Z fatal: not a git repository (or any of the parent directories): .git
2026-10-01T04:01:49.0265603Z fatal: not a git repository (or any of the parent directories): .git
2026-10-01T04:01:49.0277162Z fatal: not a git repository (or any of the parent directories): .git
2026-10-01T04:01:49.1693073Z fatal: not a git repository (or any of the parent directories): .git
2026-10-01T04:01:49.1707373Z fatal: not a git repository (or any of the parent directories): .git
2026-10-01T04:01:49.3230911Z fatal: not a git repository (or any of the parent directories): .git
2026-10-01T04:01:49.3243899Z fatal: not a git repository (or any of the parent directories): .git
2026-10-01T04:01:49.4612266Z fatal: not a git repository (or any of the parent directories): .git
2026-10-01T04:01:49.4624974Z fatal: not a git repository (or any of the parent directories): .git
2026-10-01T04:01:49.4677025Z ok - bootstrap enforces gh-axi minimum version
2026-10-01T04:01:49.6034029Z fatal: not a git repository (or any of the parent directories): .git
2026-10-01T04:01:49.6047562Z fatal: not a git repository (or any of the parent directories): .git
2026-10-01T04:01:49.7519107Z fatal: not a git repository (or any of the parent directories): .git
2026-10-01T04:01:49.7533141Z fatal: not a git repository (or any of the parent directories): .git
2026-10-01T04:01:49.8966842Z fatal: not a git repository (or any of the parent directories): .git
2026-10-01T04:01:49.8978127Z fatal: not a git repository (or any of the parent directories): .git
2026-10-01T04:01:50.0252181Z fatal: not a git repository (or any of the parent directories): .git
2026-10-01T04:01:50.0262870Z fatal: not a git repository (or any of the parent directories): .git
2026-10-01T04:01:50.1587722Z fatal: not a git repository (or any of the parent directories): .git
2026-10-01T04:01:50.1599889Z fatal: not a git repository (or any of the parent directories): .git
2026-10-01T04:01:50.3072935Z fatal: not a git repository (or any of the parent directories): .git
2026-10-01T04:01:50.3085852Z fatal: not a git repository (or any of the parent directories): .git
2026-10-01T04:01:50.4539705Z fatal: not a git repository (or any of the parent directories): .git
2026-10-01T04:01:50.4551722Z fatal: not a git repository (or any of the parent directories): .git
2026-10-01T04:01:50.5886082Z fatal: not a git repository (or any of the parent directories): .git
2026-10-01T04:01:50.5897790Z fatal: not a git repository (or any of the parent directories): .git
2026-10-01T04:01:50.5953030Z ok - bootstrap permits nonvisual work without compatible lavish-axi and retains its presentation floor
2026-10-01T04:01:50.7281830Z fatal: not a git repository (or any of the parent directories): .git
2026-10-01T04:01:50.7294852Z fatal: not a git repository (or any of the parent directories): .git
2026-10-01T04:01:50.8634377Z fatal: not a git repository (or any of the parent directories): .git
2026-10-01T04:01:50.8647231Z fatal: not a git repository (or any of the parent directories): .git
2026-10-01T04:01:51.0036219Z fatal: not a git repository (or any of the parent directories): .git
2026-10-01T04:01:51.0048654Z fatal: not a git repository (or any of the parent directories): .git
2026-10-01T04:01:51.1467309Z fatal: not a git repository (or any of the parent directories): .git
2026-10-01T04:01:51.1480759Z fatal: not a git repository (or any of the parent directories): .git
2026-10-01T04:01:51.2777379Z fatal: not a git repository (or any of the parent directories): .git
2026-10-01T04:01:51.2790344Z fatal: not a git repository (or any of the parent directories): .git
2026-10-01T04:01:51.4061632Z fatal: not a git repository (or any of the parent directories): .git
2026-10-01T04:01:51.4072151Z fatal: not a git repository (or any of the parent directories): .git
2026-10-01T04:01:51.5361714Z fatal: not a git repository (or any of the parent directories): .git
2026-10-01T04:01:51.5373630Z fatal: not a git repository (or any of the parent directories): .git
2026-10-01T04:01:51.6728790Z fatal: not a git repository (or any of the parent directories): .git
2026-10-01T04:01:51.6741120Z fatal: not a git repository (or any of the parent directories): .git
2026-10-01T04:01:51.8100330Z fatal: not a git repository (or any of the parent directories): .git
2026-10-01T04:01:51.8112744Z fatal: not a git repository (or any of the parent directories): .git
2026-10-01T04:01:51.8164645Z ok - bootstrap enforces tasks-axi minimum version
2026-10-01T04:01:51.9576397Z fatal: not a git repository (or any of the parent directories): .git
2026-10-01T04:01:51.9590727Z fatal: not a git repository (or any of the parent directories): .git
2026-10-01T04:01:52.1147646Z fatal: not a git repository (or any of the parent directories): .git
2026-10-01T04:01:52.1161540Z fatal: not a git repository (or any of the parent directories): .git
2026-10-01T04:01:52.2547647Z fatal: not a git repository (or any of the parent directories): .git
2026-10-01T04:01:52.2560629Z fatal: not a git repository (or any of the parent directories): .git
2026-10-01T04:01:52.3926939Z fatal: not a git repository (or any of the parent directories): .git
2026-10-01T04:01:52.3939018Z fatal: not a git repository (or any of the parent directories): .git
2026-10-01T04:01:52.5380595Z fatal: not a git repository (or any of the parent directories): .git
2026-10-01T04:01:52.5394485Z fatal: not a git repository (or any of the parent directories): .git
2026-10-01T04:01:52.6851450Z fatal: not a git repository (or any of the parent directories): .git
2026-10-01T04:01:52.6865106Z fatal: not a git repository (or any of the parent directories): .git
2026-10-01T04:01:52.8223817Z fatal: not a git repository (or any of the parent directories): .git
2026-10-01T04:01:52.8235173Z fatal: not a git repository (or any of the parent directories): .git
2026-10-01T04:01:52.8290290Z ok - bootstrap enforces quota-axi minimum version
2026-10-01T04:01:52.9684075Z ok - bootstrap requires git with an install instruction
2026-10-01T04:01:56.1889518Z fatal: not a git repository (or any of the parent directories): .git
2026-10-01T04:01:56.1903766Z fatal: not a git repository (or any of the parent directories): .git
2026-10-01T04:01:56.3286844Z fatal: not a git repository (or any of the parent directories): .git
2026-10-01T04:01:56.3297755Z fatal: not a git repository (or any of the parent directories): .git
2026-10-01T04:01:56.3351097Z ok - bootstrap: backend=orca gates the Orca CLI without requiring it on the default backend
2026-10-01T04:01:56.4660057Z fatal: not a git repository (or any of the parent directories): .git
2026-10-01T04:01:56.4671442Z fatal: not a git repository (or any of the parent directories): .git
2026-10-01T04:01:56.6084017Z fatal: not a git repository (or any of the parent directories): .git
2026-10-01T04:01:56.6097354Z fatal: not a git repository (or any of the parent directories): .git
2026-10-01T04:01:56.7717762Z fatal: not a git repository (or any of the parent directories): .git
2026-10-01T04:01:56.7730725Z fatal: not a git repository (or any of the parent directories): .git
2026-10-01T04:01:56.7789255Z ok - bootstrap: session-provider backends require their own CLI + jq + treehouse, never tmux
2026-10-01T04:01:56.9249093Z fatal: not a git repository (or any of the parent directories): .git
2026-10-01T04:01:56.9260236Z fatal: not a git repository (or any of the parent directories): .git
2026-10-01T04:01:57.0750155Z fatal: not a git repository (or any of the parent directories): .git
2026-10-01T04:01:57.0762223Z fatal: not a git repository (or any of the parent directories): .git
2026-10-01T04:01:57.2412832Z fatal: not a git repository (or any of the parent directories): .git
2026-10-01T04:01:57.2426324Z fatal: not a git repository (or any of the parent directories): .git
2026-10-01T04:01:57.2486232Z ok - bootstrap: a session-provider backend gates its own CLI, never a false tmux requirement
2026-10-01T04:01:57.2833917Z ok - bootstrap: Herdr manual-install guidance is never executed as a shell command
2026-10-01T04:01:57.4319593Z fatal: not a git repository (or any of the parent directories): .git
2026-10-01T04:01:57.4332284Z fatal: not a git repository (or any of the parent directories): .git
2026-10-01T04:01:57.4389214Z ok - bootstrap: the bundled cmux CLI satisfies the active backend dependency
2026-10-01T04:01:57.5654881Z fatal: not a git repository (or any of the parent directories): .git
2026-10-01T04:01:57.5668598Z fatal: not a git repository (or any of the parent directories): .git
2026-10-01T04:01:57.5729863Z ok - bootstrap: unknown resolved backends fail closed with an actionable diagnostic
2026-10-01T04:01:57.7256478Z fatal: not a git repository (or any of the parent directories): .git
2026-10-01T04:01:57.7270309Z fatal: not a git repository (or any of the parent directories): .git
2026-10-01T04:01:57.8793298Z fatal: not a git repository (or any of the parent directories): .git
2026-10-01T04:01:57.8806749Z fatal: not a git repository (or any of the parent directories): .git
2026-10-01T04:01:58.0500497Z fatal: not a git repository (or any of the parent directories): .git
2026-10-01T04:01:58.0513629Z fatal: not a git repository (or any of the parent directories): .git
2026-10-01T04:01:58.0568990Z ok - bootstrap: JSON-emitting backends require jq (their genuine dep), never tmux
2026-10-01T04:01:58.1812922Z fatal: not a git repository (or any of the parent directories): .git
2026-10-01T04:01:58.1823773Z fatal: not a git repository (or any of the parent directories): .git
2026-10-01T04:01:58.3184506Z fatal: not a git repository (or any of the parent directories): .git
2026-10-01T04:01:58.3196269Z fatal: not a git repository (or any of the parent directories): .git
2026-10-01T04:01:58.3251190Z ok - bootstrap: the treehouse lease check follows the resolved backend's worktree provider
2026-10-01T04:01:59.4773879Z ok - bootstrap computes a fleet-size-aware default timeout and preserves partial fleet-sync output
2026-10-01T04:01:59.9135077Z ok - bootstrap keeps the quick 20s default for small fleets
2026-10-01T04:02:00.2584281Z ok - bootstrap preserves FM_FLEET_SYNC_BOOTSTRAP_TIMEOUT as an explicit override
2026-10-01T04:02:01.3293184Z ok - bootstrap treats a blank timeout override as unset
2026-10-01T04:02:02.1573869Z ok - bootstrap computes the timeout before launching fleet sync
2026-10-01T04:02:04.4086773Z ok - bootstrap keeps routine tasks-axi, harness, dispatch, and already-live liveness confirmations silent
2026-10-01T04:02:06.6461241Z ok - bootstrap routine contract runs under system /bin/bash
2026-10-01T04:02:09.8489982Z fatal: not a git repository (or any of the parent directories): .git
2026-10-01T04:02:09.8501345Z fatal: not a git repository (or any of the parent directories): .git
2026-10-01T04:02:16.1777400Z fatal: not a git repository (or any of the parent directories): .git
2026-10-01T04:02:16.1789379Z fatal: not a git repository (or any of the parent directories): .git
2026-10-01T04:02:19.2486118Z fatal: not a git repository (or any of the parent directories): .git
2026-10-01T04:02:19.2497888Z fatal: not a git repository (or any of the parent directories): .git
2026-10-01T04:02:19.2549248Z ok - bootstrap: FM_BOOTSTRAP_NETWORK partitions one run into local and network halves
2026-10-01T04:02:19.3196159Z ok - bootstrap: every deferred mutating sweep rechecks fleet-lock ownership
2026-10-01T04:02:21.5773055Z ok - bootstrap: each deferred network phase, secondmate, and clone records its own elapsed time
2026-10-01T04:02:21.7132165Z fatal: not a git repository (or any of the parent directories): .git
2026-10-01T04:02:21.7146558Z fatal: not a git repository (or any of the parent directories): .git
2026-10-01T04:02:21.8199952Z fatal: not a git repository (or any of the parent directories): .git
2026-10-01T04:02:21.8213650Z fatal: not a git repository (or any of the parent directories): .git
2026-10-01T04:02:21.9211161Z fatal: not a git repository (or any of the parent directories): .git
2026-10-01T04:02:21.9222856Z fatal: not a git repository (or any of the parent directories): .git
2026-10-01T04:02:21.9293202Z ok - bootstrap: the tasks-axi compatibility verdict travels exactly one process hop
2026-10-01T04:02:22.0646683Z fatal: not a git repository (or any of the parent directories): .git
2026-10-01T04:02:22.0658219Z fatal: not a git repository (or any of the parent directories): .git
2026-10-01T04:02:22.1939122Z fatal: not a git repository (or any of the parent directories): .git
2026-10-01T04:02:22.1953146Z fatal: not a git repository (or any of the parent directories): .git
2026-10-01T04:02:22.2014781Z ok - bootstrap surfaces active crew-dispatch rules only as verbose BOOTSTRAP_INFO
2026-10-01T04:02:22.3596687Z fatal: not a git repository (or any of the parent directories): .git
2026-10-01T04:02:22.3610494Z fatal: not a git repository (or any of the parent directories): .git
2026-10-01T04:02:22.5141470Z fatal: not a git repository (or any of the parent directories): .git
2026-10-01T04:02:22.5152508Z fatal: not a git repository (or any of the parent directories): .git
2026-10-01T04:02:22.6629195Z fatal: not a git repository (or any of the parent directories): .git
2026-10-01T04:02:22.6640960Z fatal: not a git repository (or any of the parent directories): .git
2026-10-01T04:02:22.8312711Z fatal: not a git repository (or any of the parent directories): .git
2026-10-01T04:02:22.8325690Z fatal: not a git repository (or any of the parent directories): .git
2026-10-01T04:02:22.9897579Z fatal: not a git repository (or any of the parent directories): .git
2026-10-01T04:02:22.9909696Z fatal: not a git repository (or any of the parent directories): .git
2026-10-01T04:02:23.1418554Z fatal: not a git repository (or any of the parent directories): .git
2026-10-01T04:02:23.1429474Z fatal: not a git repository (or any of the parent directories): .git
2026-10-01T04:02:23.2895578Z fatal: not a git repository (or any of the parent directories): .git
2026-10-01T04:02:23.2909611Z fatal: not a git repository (or any of the parent directories): .git
2026-10-01T04:02:23.4500492Z fatal: not a git repository (or any of the parent directories): .git
2026-10-01T04:02:23.4514624Z fatal: not a git repository (or any of the parent directories): .git
2026-10-01T04:02:23.6080276Z fatal: not a git repository (or any of the parent directories): .git
2026-10-01T04:02:23.6090885Z fatal: not a git repository (or any of the parent directories): .git
2026-10-01T04:02:23.7514733Z fatal: not a git repository (or any of the parent directories): .git
2026-10-01T04:02:23.7527603Z fatal: not a git repository (or any of the parent directories): .git
2026-10-01T04:02:23.9215428Z fatal: not a git repository (or any of the parent directories): .git
2026-10-01T04:02:23.9229406Z fatal: not a git repository (or any of the parent directories): .git
2026-10-01T04:02:24.0849461Z fatal: not a git repository (or any of the parent directories): .git
2026-10-01T04:02:24.0861118Z fatal: not a git repository (or any of the parent directories): .git
2026-10-01T04:02:24.2306401Z fatal: not a git repository (or any of the parent directories): .git
2026-10-01T04:02:24.2318080Z fatal: not a git repository (or any of the parent directories): .git
2026-10-01T04:02:24.3798474Z fatal: not a git repository (or any of the parent directories): .git
2026-10-01T04:02:24.3810381Z fatal: not a git repository (or any of the parent directories): .git
2026-10-01T04:02:24.5316077Z fatal: not a git repository (or any of the parent directories): .git
2026-10-01T04:02:24.5328229Z fatal: not a git repository (or any of the parent directories): .git
2026-10-01T04:02:24.6931835Z fatal: not a git repository (or any of the parent directories): .git
2026-10-01T04:02:24.6944669Z fatal: not a git repository (or any of the parent directories): .git
2026-10-01T04:02:24.8346786Z fatal: not a git repository (or any of the parent directories): .git
2026-10-01T04:02:24.8356853Z fatal: not a git repository (or any of the parent directories): .git
2026-10-01T04:02:24.9785429Z fatal: not a git repository (or any of the parent directories): .git
2026-10-01T04:02:24.9797544Z fatal: not a git repository (or any of the parent directories): .git
2026-10-01T04:02:25.1438413Z fatal: not a git repository (or any of the parent directories): .git
2026-10-01T04:02:25.1452111Z fatal: not a git repository (or any of the parent directories): .git
2026-10-01T04:02:25.3079818Z fatal: not a git repository (or any of the parent directories): .git
2026-10-01T04:02:25.3091744Z fatal: not a git repository (or any of the parent directories): .git
2026-10-01T04:02:25.4507685Z fatal: not a git repository (or any of the parent directories): .git
2026-10-01T04:02:25.4518723Z fatal: not a git repository (or any of the parent directories): .git
2026-10-01T04:02:25.6177332Z fatal: not a git repository (or any of the parent directories): .git
2026-10-01T04:02:25.6190995Z fatal: not a git repository (or any of the parent directories): .git
2026-10-01T04:02:25.7740308Z fatal: not a git repository (or any of the parent directories): .git
2026-10-01T04:02:25.7751724Z fatal: not a git repository (or any of the parent directories): .git
2026-10-01T04:02:25.9343953Z fatal: not a git repository (or any of the parent directories): .git
2026-10-01T04:02:25.9357729Z fatal: not a git repository (or any of the parent directories): .git
2026-10-01T04:02:26.0825984Z fatal: not a git repository (or any of the parent directories): .git
2026-10-01T04:02:26.0838314Z fatal: not a git repository (or any of the parent directories): .git
2026-10-01T04:02:26.2305255Z fatal: not a git repository (or any of the parent directories): .git
2026-10-01T04:02:26.2316226Z fatal: not a git repository (or any of the parent directories): .git
2026-10-01T04:02:26.3858450Z fatal: not a git repository (or any of the parent directories): .git
2026-10-01T04:02:26.3871512Z fatal: not a git repository (or any of the parent directories): .git
2026-10-01T04:02:26.5481492Z fatal: not a git repository (or any of the parent directories): .git
2026-10-01T04:02:26.5492998Z fatal: not a git repository (or any of the parent directories): .git
2026-10-01T04:02:26.7004618Z fatal: not a git repository (or any of the parent directories): .git
2026-10-01T04:02:26.7015837Z fatal: not a git repository (or any of the parent directories): .git
2026-10-01T04:02:26.8586959Z fatal: not a git repository (or any of the parent directories): .git
2026-10-01T04:02:26.8601760Z fatal: not a git repository (or any of the parent directories): .git
2026-10-01T04:02:27.0261525Z fatal: not a git repository (or any of the parent directories): .git
2026-10-01T04:02:27.0274169Z fatal: not a git repository (or any of the parent directories): .git
2026-10-01T04:02:27.1734098Z fatal: not a git repository (or any of the parent directories): .git
2026-10-01T04:02:27.1745915Z fatal: not a git repository (or any of the parent directories): .git
2026-10-01T04:02:27.3160662Z fatal: not a git repository (or any of the parent directories): .git
2026-10-01T04:02:27.3171658Z fatal: not a git repository (or any of the parent directories): .git
2026-10-01T04:02:27.4743758Z fatal: not a git repository (or any of the parent directories): .git
2026-10-01T04:02:27.4756129Z fatal: not a git repository (or any of the parent directories): .git
2026-10-01T04:02:27.6276389Z fatal: not a git repository (or any of the parent directories): .git
2026-10-01T04:02:27.6288019Z fatal: not a git repository (or any of the parent directories): .git
2026-10-01T04:02:27.7715222Z fatal: not a git repository (or any of the parent directories): .git
2026-10-01T04:02:27.7726013Z fatal: not a git repository (or any of the parent directories): .git
2026-10-01T04:02:27.9361512Z fatal: not a git repository (or any of the parent directories): .git
2026-10-01T04:02:27.9374382Z fatal: not a git repository (or any of the parent directories): .git
2026-10-01T04:02:28.0931260Z fatal: not a git repository (or any of the parent directories): .git
2026-10-01T04:02:28.0943592Z fatal: not a git repository (or any of the parent directories): .git
2026-10-01T04:02:28.2400098Z fatal: not a git repository (or any of the parent directories): .git
2026-10-01T04:02:28.2413107Z fatal: not a git repository (or any of the parent directories): .git
2026-10-01T04:02:28.2467764Z ok - bootstrap validates crew-dispatch.json and reports malformed or unverified configs
2026-10-01T04:02:28.6600282Z FM_TEST_END 2026-10-01T04:02:28Z tests/fm-bootstrap.test.sh exit=0 duration_ms=42383 gate_skip=false
2026-10-01T04:02:28.8564147Z FM_TEST_BEGIN 2026-10-01T04:02:28Z tests/fm-secondmate-sync.test.sh family=secondmate expected_gate_skip=none
2026-10-01T04:02:29.0228208Z ok - T1 updated: a behind home fast-forwards to the primary's local HEAD
2026-10-01T04:02:29.0701565Z ok - T2 current: an already-current home is a no-op and reports no instruction change
2026-10-01T04:02:29.1410447Z ok - T3 dirty: an uncommitted home is skipped, its edit preserved
2026-10-01T04:02:29.2277284Z ok - scratchpad2/ does not mark a secondmate home dirty for the sync guard
2026-10-01T04:02:29.3009213Z ok - T4 diverged: a home that is not an ancestor of the primary's HEAD is skipped
2026-10-01T04:02:29.3612086Z ok - T5 in-flight: a home on a feature branch is skipped, its work preserved
2026-10-01T04:02:29.5081288Z ok - T6 no fetch: the local-HEAD sync never invokes git fetch
2026-10-01T04:02:29.5937151Z ok - T7 sweep nudges on a real instruction change only, but still fast-forwards
2026-10-01T04:02:32.3238672Z ok - T8 bootstrap sweeps live homes and sends exactly one marked nudge for the instruction change
2026-10-01T04:02:33.7033897Z ok - T8a bootstrap nudge send respects FM_STATE_OVERRIDE
2026-10-01T04:02:34.0208133Z ok - T8f bootstrap nudge retry rejects malformed marker ids
2026-10-01T04:02:35.2574788Z ok - T8c failed bootstrap nudge is surfaced and recorded for retry
2026-10-01T04:02:38.8794741Z ok - T8d bootstrap nudge retry is idempotent after success
2026-10-01T04:02:40.6557180Z ok - T8e bootstrap nudge retry refuses a changed home instead of guessing
2026-10-01T04:02:43.3551392Z ok - T8b a stale herdr endpoint cannot lose a durably enqueued nudge, and fm-<id> resolves through post-respawn metadata
2026-10-01T04:02:43.9670415Z ok - T9 bootstrap surfaces a skipped dirty live secondmate home
2026-10-01T04:02:45.4400287Z ok - T10 spawn fast-forwards a secondmate worktree to the primary's local HEAD before launch
2026-10-01T04:02:46.8810603Z ok - T11 spawn warns when pre-launch sync is skipped
2026-10-01T04:02:46.9436739Z ok - T12 gitignored marker: a freshly seeded home reads clean to fleet-sync and the ff sweep
2026-10-01T04:02:47.0261712Z ok - T13 gitignored marker: an existing marker-only-dirty home converges, then reads clean
2026-10-01T04:02:47.0855561Z ok - T14 marker tolerance does not mask a genuinely dirty home
2026-10-01T04:02:47.2860821Z ok - R1 a remote home ahead of the host's Firstmate copy still advances to the primary's commit
2026-10-01T04:02:47.7875813Z ok - R1b a remote sync names exactly which instruction paths its advance changed
2026-10-01T04:02:48.0041092Z ok - R2 a missing target is imported from the host's Firstmate copy without moving it
2026-10-01T04:02:48.2112462Z ok - R3 a target neither side holds is imported from the home's own origin
2026-10-01T04:02:48.3952091Z ok - R4 an already-present target advances the home with no fetch available
2026-10-01T04:02:48.5319250Z ok - R5 a target neither the host copy nor the origin holds skips with an actionable reason
2026-10-01T04:02:48.9149624Z ok - R6 dirty, diverged, and feature-branch remote homes skip and are left untouched
2026-10-01T04:02:49.1471738Z ok - R7 a sync with no target still follows the host's own refreshed Firstmate copy
2026-10-01T04:03:21.6260949Z ok - R8 session start converges a remote home on the primary's default-branch commit
2026-10-01T04:03:23.1161510Z ok - R10 a host too old for a parent-targeted sync is reported with the command that fixes it
2026-10-01T04:03:23.9215446Z ok - R9 a remote launch leaves the home on the parent's commit while an ordinary spawn follows its own checkout
2026-10-01T04:03:23.9216321Z # all fm-secondmate-sync tests passed
2026-10-01T04:03:24.4410850Z FM_TEST_END 2026-10-01T04:03:24Z tests/fm-secondmate-sync.test.sh exit=0 duration_ms=55577 gate_skip=false
2026-10-01T04:03:24.4623699Z FM_TEST_BEGIN 2026-10-01T04:03:24Z tests/fm-backend-zellij.test.sh family=zellij expected_gate_skip=optional-binary
2026-10-01T04:03:24.5692955Z ok - fm_backend_zellij_version_check: accepts the verified minimum (0.44.0)
2026-10-01T04:03:24.5862816Z ok - fm_backend_zellij_version_check: accepts a newer version (0.45.2)
2026-10-01T04:03:24.6052614Z ok - fm_backend_zellij_version_check: refuses an old version loudly
2026-10-01T04:03:24.6147083Z ok - fm_backend_zellij_version_check: refuses loudly when zellij is not installed
2026-10-01T04:03:24.6227130Z ok - fm_backend_zellij_session: defaults to 'firstmate' when FM_ZELLIJ_SESSION is unset
2026-10-01T04:03:24.6327978Z ok - fm_backend_zellij_session: honors the FM_ZELLIJ_SESSION test-isolation override
2026-10-01T04:03:24.6412348Z ok - fm_backend_zellij_parse_target: splits '<session>:<pane_id>' on the first colon
2026-10-01T04:03:24.6521077Z ok - fm_backend_zellij_normalize_key: Enter/Escape/C-c map to zellij's verified Enter/Esc/'Ctrl c'
2026-10-01T04:03:24.7007529Z ok - fm_backend_zellij_scoped_title: scopes a primary task title with firstmate plus root hash
2026-10-01T04:03:24.7522231Z ok - fm_backend_zellij_scoped_title: scopes a secondmate task title with the home marker plus root hash
2026-10-01T04:03:24.8435543Z ok - fm_backend_zellij_scoped_title: includes the resolved FM_ROOT hash in the home label
2026-10-01T04:03:24.9044585Z ok - fm_backend_zellij_tab_matches_label: accepts an untagged legacy fm-<id> title when it is the only live tab carrying it
2026-10-01T04:03:24.9577591Z ok - fm_backend_zellij_tab_matches_label: refuses an untagged legacy label match when 2+ live tabs share it (migration ambiguity guard)
2026-10-01T04:03:25.0397566Z ok - fm_backend_zellij_list_live: scopes to this home's own tag - excludes a different installation's tagged tab and unrelated tabs
2026-10-01T04:03:25.1055930Z ok - fm_backend_zellij_resolve_bare_selector: matches the home-scoped tagged title first
2026-10-01T04:03:25.1550281Z ok - fm_backend_zellij_resolve_bare_selector: refuses an ambiguous untagged legacy label shared by 2+ live tabs
2026-10-01T04:03:25.2329711Z ok - fm_backend_zellij_resolve_bare_selector: checks every session for the scoped title before legacy fallback
2026-10-01T04:03:25.3142337Z ok - fm_backend_zellij_resolve_bare_selector: requires untagged legacy labels to be globally unique across sessions
2026-10-01T04:03:25.3298213Z ok - fm_backend_zellij_session_exists: true when the session name is listed
2026-10-01T04:03:25.3460342Z ok - fm_backend_zellij_session_exists: false when the session name is not listed
2026-10-01T04:03:25.3621989Z ok - fm_backend_zellij_server_ensure: reuses an existing session without calling attach
2026-10-01T04:03:25.3624913Z ok - fm_backend_validate: zellij is a known backend (P3)
2026-10-01T04:03:25.3738888Z ok - fm_backend_busy_state: zellij (no native primitive) always reports unknown, same as tmux
2026-10-01T04:03:25.4332294Z ok - fm_backend_zellij_create_task: refuses a duplicate home-scoped tab title (zellij's own new-tab has no uniqueness check)
2026-10-01T04:03:25.5091879Z ok - fm_backend_zellij_create_task: creates a home-scoped tab and parses tab_id/pane_id from the response
2026-10-01T04:03:25.5688400Z ok - fm_backend_zellij_create_task: restores focus to the previously-active tab after the steal-focus new-tab call
2026-10-01T04:03:25.6298662Z ok - fm_backend_zellij_create_task: skips the restore call when there was no previously-active tab
2026-10-01T04:03:25.6671947Z ok - fm_backend_zellij_capture: small reads use viewport-only dump-screen and trim to N lines locally
2026-10-01T04:03:25.7037584Z ok - fm_backend_zellij_capture: reads above the watcher-size threshold request --full scrollback
2026-10-01T04:03:25.7290768Z ok - fm_backend_zellij_capture: fails when the specific pane is absent
2026-10-01T04:03:25.7477453Z ok - fm_backend_zellij_capture: fails when the target session is not listed as active (session_exists pre-check)
2026-10-01T04:03:25.7810500Z ok - fm_backend_zellij_send_key: normalizes the key (Escape -> Esc) and targets the explicit pane id
2026-10-01T04:03:25.8132174Z ok - fm_backend_zellij_send_literal: calls paste with an explicit pane id and a -- separator
2026-10-01T04:03:25.8728392Z ok - fm_backend_zellij_send_text_line: clears partial input when Enter fails
2026-10-01T04:03:25.9279140Z ok - fm_backend_zellij_send_text_line: reports unsafe input when cleanup also fails
2026-10-01T04:03:25.9967868Z ok - fm_backend_zellij_target_ready: expected labels allow matching fm-<id> tabs
2026-10-01T04:03:26.0516118Z ok - fm_backend_zellij_target_ready: expected labels reject stale pane ids reused by another tab
2026-10-01T04:03:26.4256182Z ok - fm_backend_zellij_current_path: actively probes with marked begin/end lines and reconstructs wrapped cwd output
2026-10-01T04:03:26.7947181Z ok - fm_backend_zellij_current_path: never picks up a ~-prefixed banner line as the answer
2026-10-01T04:03:26.8310346Z ok - fm_backend_zellij_kill: resolves the owning tab id fresh and calls close-tab-by-id (never a bare close-pane)
2026-10-01T04:03:26.8657424Z ok - fm_backend_zellij_kill: falls back to close-pane when the owning tab cannot be resolved
2026-10-01T04:03:26.9395693Z ok - fm_backend_zellij_kill: closes the recorded tab id only after label verification
2026-10-01T04:03:27.0025134Z ok - fm_backend_zellij_kill: skips a stale recorded tab id whose label does not match
2026-10-01T04:03:27.0188241Z ok - fm_backend_zellij_kill: never fails when the target session no longer exists
2026-10-01T04:03:28.3564118Z ok - fm-teardown.sh: passes recorded zellij_tab_id with the expected task label
2026-10-01T04:03:29.9162887Z ok - fm-teardown.sh: force cleanup kills zellij children using the child home tag
2026-10-01T04:03:30.0766227Z ok - fm_backend_zellij_send_text_submit: reports 'empty' once the composer classifies empty (submitted)
2026-10-01T04:03:30.3163187Z ok - fm_backend_zellij_send_text_submit: reports 'pending' when the composer still holds the text after retried Enters (swallowed)
2026-10-01T04:03:30.5628572Z ok - fm_backend_zellij_send_text_submit: an unrelated pane change is not a delivery confirmation (false-positive regression)
2026-10-01T04:03:30.6617202Z ok - fm_backend_zellij_send_text_submit: refuses confirmation when paste exits successfully without typing
2026-10-01T04:03:30.7610294Z ok - fm_backend_zellij_send_text_submit: transcript echoes outside the selected composer cannot prove typing
2026-10-01T04:03:30.8630239Z ok - fm_backend_zellij_send_text_submit: pre-existing text cannot prove a no-op paste landed
2026-10-01T04:03:30.9956034Z ok - fm_backend_zellij_send_text_submit: unrelated drafts and furniture cannot prove typing
2026-10-01T04:03:31.1729877Z ok - fm_backend_zellij_send_text_submit: observes wrapped text replacing a shell-prompt placeholder
2026-10-01T04:03:31.3408850Z ok - fm_backend_zellij_send_text_submit: observes wrapped text in a bare composer
2026-10-01T04:03:31.5156733Z ok - fm_backend_zellij_send_text_submit: preserves agent glyphs within wrapped content
2026-10-01T04:03:31.5608987Z ok - fm_backend_zellij_send_text_submit: refuses a live shell below a stale composer
2026-10-01T04:03:31.6088534Z ok - fm_backend_zellij_composer_state: classifies the real claude-in-zellij --ansi dump as empty
2026-10-01T04:03:31.6482314Z ok - fm_backend_zellij_composer_state: a dead pane (empty dumps) reads unknown, never a confirmation
2026-10-01T04:03:31.6645867Z ok - fm_backend_zellij_send_text_submit: reports 'send-failed' when the target session is not active
2026-10-01T04:03:31.6874341Z ok - fm_backend_zellij_send_text_submit: reports 'send-failed' when the target pane is absent
2026-10-01T04:03:32.4869194Z ok - fm-peek/fm-send: explicit metadata-matched targets use the recorded zellij backend
2026-10-01T04:03:32.9940551Z ok - fm-peek: fm-id zellij targets verify the owning tab label before capture
2026-10-01T04:03:33.5709665Z ok - fm-send: fm-id zellij targets reject pane ids whose tab label no longer matches
2026-10-01T04:03:33.6198676Z FM_TEST_END 2026-10-01T04:03:33Z tests/fm-backend-zellij.test.sh exit=0 duration_ms=9149 gate_skip=false
2026-10-01T04:03:33.6434480Z FM_TEST_BEGIN 2026-10-01T04:03:33Z tests/fm-bootstrap-network-parallel.test.sh family=session-bootstrap expected_gate_skip=none
2026-10-01T04:03:36.8370146Z ok - bootstrap network (parallel): per-mate output stays intact, fail-closed, and correctly sequenced
2026-10-01T04:03:43.1773746Z ok - bootstrap network (fallback): per-mate output stays intact, fail-closed, and correctly sequenced
2026-10-01T04:03:43.1774336Z # all fm-bootstrap-network-parallel tests passed
2026-10-01T04:03:43.2468270Z FM_TEST_END 2026-10-01T04:03:43Z tests/fm-bootstrap-network-parallel.test.sh exit=0 duration_ms=9595 gate_skip=false
2026-10-01T04:03:43.2700594Z FM_TEST_BEGIN 2026-10-01T04:03:43Z tests/fm-send-secondmate-marker.test.sh family=secondmate expected_gate_skip=none
2026-10-01T04:03:44.1902556Z ok - fm-send: a kind=secondmate target gets the from-firstmate marker and corr prepended
2026-10-01T04:03:45.5777599Z ok - fm-send: an exact kind=secondmate task id is marked with corr exactly once
2026-10-01T04:03:46.6537587Z ok - fm-send: exact-id and stable-label kind=ship selectors are sent unmarked
2026-10-01T04:03:47.6246180Z ok - fm-send: explicit endpoints stay unmarked with or without local metadata
2026-10-01T04:03:48.1819589Z ok - fm-send: the --key path carries no marker (no literal text is typed)
2026-10-01T04:03:48.1855833Z ok - fm-send: the marker is '[fm-from-firstmate]' + terminal-safe U+2063, while direct captain text stays unmarked
2026-10-01T04:03:48.1858631Z ok - fm-marker: from-firstmate transformation is idempotent
2026-10-01T04:03:49.0265058Z ok - fm-send: marked secondmate payload preserves trailing newline bytes in its record
2026-10-01T04:03:49.0615372Z FM_TEST_END 2026-10-01T04:03:49Z tests/fm-send-secondmate-marker.test.sh exit=0 duration_ms=5786 gate_skip=false
2026-10-01T04:03:49.0821934Z FM_TEST_BEGIN 2026-10-01T04:03:49Z tests/fm-task-delivery.test.sh family=pure-contract-unit expected_gate_skip=none
2026-10-01T04:03:53.9996241Z ok - fm-spawn/fm-promote: authorized intent preserves exact words and refuses operator-address lines
2026-10-01T04:03:57.3521120Z ok - fm-spawn: every legacy worker receives scoped role instructions without changing project or primary instructions
2026-10-01T04:03:57.7717854Z ok - fm-spawn: a ship spawn requires a valid explicit mode and yolo before anything is created
2026-10-01T04:03:57.9775146Z ok - fm-spawn: scout and secondmate spawns refuse ship delivery flags
2026-10-01T04:03:58.9941153Z ok - fm-spawn: the brief's recorded mode and the spawn's explicit mode must agree
2026-10-01T04:04:01.1838764Z ok - fm-spawn: a rigor downgrade against the registered posture is announced, never blocked
2026-10-01T04:04:01.5386525Z ok - fm-spawn: a scout spawn resolves no delivery posture from the registry
2026-10-01T04:04:03.0890924Z ok - fm-promote: promotion requires the delivery contract and records it exactly once
2026-10-01T04:04:03.6083983Z ok - fm-promote: a symlinked task record is refused and its target is left untouched
2026-10-01T04:04:05.5935371Z ok - fm-promote: a promoted worker receives the same mode-specific delivery contract a briefed one does
2026-10-01T04:04:05.6474095Z ok - fm-project-mode: the conditional policy is accepted, mapped for mechanical callers, and readable raw
2026-10-01T04:04:11.0690991Z ok - fm-spawn/fm-promote: leftover Task placeholders are refused until both subsections are filled
2026-10-01T04:04:11.0694663Z # all fm-task-delivery tests passed
2026-10-01T04:04:11.1278667Z FM_TEST_END 2026-10-01T04:04:11Z tests/fm-task-delivery.test.sh exit=0 duration_ms=22036 gate_skip=false
2026-10-01T04:04:11.1520649Z FM_TEST_BEGIN 2026-10-01T04:04:11Z tests/fm-remote-doctor.test.sh family=secondmate expected_gate_skip=none
2026-10-01T04:04:11.4288410Z ok - a missing herdr CLI is a human gap that --fix never claims to close
2026-10-01T04:04:11.5379574Z ok - an absent launch agent is a fixable gap and the read-only run changes nothing
2026-10-01T04:04:11.9816513Z ok - --fix installs the dedicated fm-remote launch agent without touching default
2026-10-01T04:04:12.2894399Z ok - --fix is idempotent once the host is ready
2026-10-01T04:04:12.9688983Z ok - a loaded and running launch agent must match the complete owned contract
2026-10-01T04:04:13.7017463Z ok - a failed reload leaves stale effective launch-agent state unready
2026-10-01T04:04:14.2247937Z ok - a launch agent outside the Aqua session scope is rewritten in place
2026-10-01T04:04:15.1227596Z ok - launchd failures are reported and delayed server readiness is awaited
2026-10-01T04:04:17.2712842Z ok - a session served outside the Aqua login session is fixable and --fix retakes it through launchd
2026-10-01T04:04:17.4627951Z ok - human gaps are reported with their operator step and never claimed as fixed
2026-10-01T04:04:17.8606512Z ok - a bash Directory Services login shell is rendered with -l -c
2026-10-01T04:04:18.2642743Z ok - custom Directory Services shell paths remain valid plist arguments
2026-10-01T04:04:21.4785330Z ok - shell resolution bounds Directory Services and uses executable SHELL and POSIX fallbacks
2026-10-01T04:04:22.1947558Z ok - repeated repair reuses one resolved login shell and remains a no-op
2026-10-01T04:04:22.3879484Z ok - a non-darwin host skips launch agents and starts its herdr server directly
2026-10-01T04:04:22.7905919Z ok - --fix creates only owned version-manager wrappers and never clobbers an operator file
2026-10-01T04:04:24.5984422Z ok - doctor refreshes stale worker identity before probing tools
2026-10-01T04:04:24.8968075Z ok - the entrypoint symlink is recreated when absent and never overwritten when operator-owned
2026-10-01T04:04:24.9438506Z FM_TEST_END 2026-10-01T04:04:24Z tests/fm-remote-doctor.test.sh exit=0 duration_ms=13783 gate_skip=false
2026-10-01T04:04:24.9652607Z FM_TEST_BEGIN 2026-10-01T04:04:24Z tests/fm-backend-cmux.test.sh family=cmux expected_gate_skip=optional-binary
2026-10-01T04:04:25.0706792Z ok - fm_backend_cmux_version_check: accepts the verified minimum (0.64.17)
2026-10-01T04:04:25.0884429Z ok - fm_backend_cmux_version_check: accepts a newer version (0.70.0)
2026-10-01T04:04:25.1082338Z ok - fm_backend_cmux_version_check: refuses an old version loudly
2026-10-01T04:04:25.1179447Z ok - fm_backend_cmux_version_check: refuses loudly when cmux is not found on PATH or at the bundle path
2026-10-01T04:04:25.1269068Z ok - fm_backend_cmux_password: reads the first non-empty line of config/cmux-socket-password
2026-10-01T04:04:25.1362378Z ok - fm_backend_cmux_password: preserves spaces and tabs in config/cmux-socket-password
2026-10-01T04:04:25.1459553Z ok - fm_backend_cmux_password: respects FM_CONFIG_OVERRIDE
2026-10-01T04:04:25.1554520Z ok - fm_backend_cmux_password: empty when config/cmux-socket-password is absent
2026-10-01T04:04:25.1738701Z ok - fm_backend_cmux_cli: exports CMUX_SOCKET_PASSWORD when config/cmux-socket-password is set
2026-10-01T04:04:25.1812630Z ok - fm_backend_cmux_parse_target: splits '<workspace_uuid>:<surface_uuid>' on the first colon
2026-10-01T04:04:25.1914116Z ok - fm_backend_cmux_normalize_key: Enter/Escape/C-c map to cmux's verified enter/escape/ctrl-c
2026-10-01T04:04:25.2384111Z ok - fm_backend_cmux_scoped_title: scopes a primary task title with firstmate plus root hash
2026-10-01T04:04:25.2896467Z ok - fm_backend_cmux_scoped_title: scopes a secondmate task title with the home marker plus root hash
2026-10-01T04:04:25.3837324Z ok - fm_backend_cmux_scoped_title: includes the resolved FM_ROOT hash in the home label
2026-10-01T04:04:25.3837957Z ok - fm_backend_validate: cmux is a known backend
2026-10-01T04:04:25.3974151Z ok - fm_backend_busy_state: cmux (no native primitive) always reports unknown, same as tmux/zellij/orca
2026-10-01T04:04:25.4612322Z ok - fm_backend_composer_state: routes cmux to the cmux composer classifier
2026-10-01T04:04:25.4778008Z ok - fm_backend_cmux_ping_state: reports 'ok' on PONG
2026-10-01T04:04:25.4949479Z ok - fm_backend_cmux_ping_state: reports 'denied' when socketControlMode=cmuxOnly rejects the connection
2026-10-01T04:04:25.5123335Z ok - fm_backend_cmux_ping_state: reports 'unauth' when password mode rejects a missing/wrong password
2026-10-01T04:04:25.5294787Z ok - fm_backend_cmux_ping_state: reports 'unauth' when password mode rejects a wrong password (Invalid password)
2026-10-01T04:04:25.5456876Z ok - fm_backend_cmux_ping_state: reports 'down' when the app is not running yet
2026-10-01T04:04:25.5640997Z ok - fm_backend_cmux_ensure_running: returns immediately when cmux is already reachable
2026-10-01T04:04:25.5838723Z ok - fm_backend_cmux_ensure_running: fails fast on a denied socket without attempting to launch, naming every viable mode
2026-10-01T04:04:25.6054044Z ok - fm_backend_cmux_ensure_running: fails fast on an unauthenticated socket, naming the password config and the Automation mode alternative
2026-10-01T04:04:25.6644676Z ok - fm_backend_cmux_create_task: refuses a duplicate workspace title (cmux's own new-workspace has no uniqueness check)
2026-10-01T04:04:25.7437577Z ok - fm_backend_cmux_create_task: creates a workspace and parses workspace_id/surface_id from list responses
2026-10-01T04:04:25.7656946Z ok - fm_backend_cmux_target_ready: fails when the workspace/surface is not found (list-panes structural check)
2026-10-01T04:04:25.8389847Z ok - fm_backend_cmux_target_ready: verifies the workspace title against the expected label first
2026-10-01T04:04:25.8793127Z ok - fm_backend_cmux_target_ready: rejects a workspace id reused under a different title
2026-10-01T04:04:25.9161389Z ok - fm_backend_cmux_capture: fetches generously and trims to N lines locally
2026-10-01T04:04:25.9426515Z ok - fm_backend_cmux_capture: propagates a read-screen failure even when stdout is empty
2026-10-01T04:04:25.9632173Z ok - fm_backend_cmux_capture: fails when the target surface is absent
2026-10-01T04:04:25.9907689Z ok - fm_backend_cmux_send_key: normalizes the key (Escape -> escape) and targets the explicit workspace/surface
2026-10-01T04:04:26.0694626Z ok - fm_backend_cmux_send_key: recovers stale workspace/surface ids by expected label
2026-10-01T04:04:26.0955171Z ok - fm_backend_cmux_send_literal: calls send with an explicit workspace/surface and a -- separator
2026-10-01T04:04:26.1462579Z ok - fm_backend_cmux_send_text_line: clears partial input when Enter fails
2026-10-01T04:04:26.1987139Z ok - fm_backend_cmux_send_text_line: reports unsafe input when cleanup also fails
2026-10-01T04:04:26.5708301Z ok - fm_backend_cmux_current_path: actively probes with marked begin/end lines (zellij-shape frozen cwd)
2026-10-01T04:04:26.6252715Z ok - fm_backend_cmux_composer_state: a bare '❯' composer row reads empty
2026-10-01T04:04:26.6760178Z ok - fm_backend_cmux_composer_state: a borderless Claude '❯' composer row reads empty
2026-10-01T04:04:26.7266894Z ok - fm_backend_cmux_composer_state: a borderless Claude row outranks stale bordered scrollback
2026-10-01T04:04:26.7731105Z ok - fm_backend_cmux_composer_state: a borderless Claude '❯'+NBSP composer row reads empty under LC_ALL=C
2026-10-01T04:04:26.8346774Z ok - fm_backend_cmux_composer_state: plain-capture text after a bare glyph degrades to unknown (never false pending)
2026-10-01T04:04:26.8920204Z ok - fm_backend_cmux_composer_state: the ghost placeholder text reads empty, not pending
2026-10-01T04:04:26.9558941Z ok - fm_backend_cmux_composer_state: real composer text reads pending
2026-10-01T04:04:27.0189181Z ok - fm_backend_cmux_composer_state: a slash-command popup's argument-hint placeholder still reads pending (the incident fix)
2026-10-01T04:04:27.0401950Z ok - fm_backend_cmux_composer_state: reports unknown when the surface cannot be captured
2026-10-01T04:04:27.0803672Z ok - fm_backend_cmux_composer_state: reports unknown when no border-delimited composer row is found
2026-10-01T04:04:27.1922925Z ok - fm_backend_cmux_send_text_submit: reports 'empty' once the composer row reads empty after one Enter
2026-10-01T04:04:27.3853072Z ok - fm_backend_cmux_send_text_submit: reports 'pending' when the composer never clears after retried Enters (swallowed)
2026-10-01T04:04:27.5749204Z ok - fm_backend_cmux_send_text_submit: retries past a popup-placeholder-fill Enter and lands the real second Enter (the incident fix)
2026-10-01T04:04:27.5967567Z ok - fm_backend_cmux_send_text_submit: reports 'send-failed' when the target workspace/surface is absent
2026-10-01T04:04:27.6452166Z ok - fm_backend_cmux_window_of_workspace: walks windows and counts the membership-confirming workspace list
2026-10-01T04:04:27.6786135Z ok - fm_backend_cmux_window_of_workspace: echoes nothing when no window holds the workspace
2026-10-01T04:04:27.7218973Z ok - fm_backend_cmux_kill: closes the task workspace directly when it is not the last in its window
2026-10-01T04:04:27.7728625Z ok - fm_backend_cmux_kill: adds a throwaway sibling then closes the target when it is the last workspace in its window
2026-10-01T04:04:27.8126838Z ok - fm_backend_cmux_kill: never fails even when close-workspace fails
2026-10-01T04:04:27.9097684Z ok - fm_backend_cmux_kill: recovers stale workspace/surface ids by expected label
2026-10-01T04:04:27.9999819Z ok - fm_backend_cmux_list_live: lists only this home's scoped task workspaces using plain fm-<id> labels
2026-10-01T04:04:28.4059134Z ok - fm-spawn.sh: refuses backend=cmux for --secondmate spawns (mirrors Orca's refusal; no secondmate launch design exists yet)
2026-10-01T04:04:28.4501726Z FM_TEST_END 2026-10-01T04:04:28Z tests/fm-backend-cmux.test.sh exit=0 duration_ms=3477 gate_skip=false
2026-10-01T04:04:28.4726512Z FM_TEST_BEGIN 2026-10-01T04:04:28Z tests/fm-test-isolation-proof.test.sh family=pure-contract-unit expected_gate_skip=none
2026-10-01T04:04:28.9925969Z ok - unknown candidate pools are refused
2026-10-01T04:04:29.8946246Z ok - family pool JSON scopes jobs admission to proven concurrency
2026-10-01T04:04:29.9111125Z ok - candidate --list is non-empty, sorted, unique, and real
2026-10-01T04:04:29.9315255Z ok - serial classes remain excluded from the parallel candidate set
2026-10-01T04:04:29.9495707Z ok - audited fake-backend and stub-network extras are candidates
2026-10-01T04:04:29.9630852Z ok - exclusion list documents serial reasons
2026-10-01T04:04:30.9929410Z ok - isolation-proof contract test is family-mapped
2026-10-01T04:04:31.0718703Z ok - parallel shards consume the proven-isolated set only
2026-10-01T04:04:31.0897591Z ok - fixture repositories pin their initial branch to main
2026-10-01T04:04:31.1287835Z FM_TEST_END 2026-10-01T04:04:31Z tests/fm-test-isolation-proof.test.sh exit=0 duration_ms=2646 gate_skip=false
2026-10-01T04:04:31.1539262Z FM_TEST_BEGIN 2026-10-01T04:04:31Z tests/fm-gotmp.test.sh family=session-bootstrap expected_gate_skip=none
2026-10-01T04:04:31.7071699Z ok - fm-teardown removes the dir pointed to by tasktmp= in meta
2026-10-01T04:04:32.1286752Z ok - fm-teardown skips gracefully when tasktmp= is absent (backward compat)
2026-10-01T04:04:32.5500690Z ok - fm-teardown skips gracefully when tasktmp= points to a nonexistent dir
2026-10-01T04:04:32.5864853Z FM_TEST_END 2026-10-01T04:04:32Z tests/fm-gotmp.test.sh exit=0 duration_ms=1423 gate_skip=false
2026-10-01T04:04:32.6117030Z FM_TEST_BEGIN 2026-10-01T04:04:32Z tests/fm-lint-workflows.test.sh family=pure-contract-unit expected_gate_skip=none
2026-10-01T04:04:32.7050211Z ok - fm-lint-workflows.sh pins an explicit actionlint version (1.7.12)
2026-10-01T04:04:32.7180850Z ok - current .github/workflows YAML files parse
2026-10-01T04:04:32.7354449Z ok - column-0 heredoc workflow fails validation with a clear error
2026-10-01T04:04:32.7534762Z ok - valid fixture workflow passes
2026-10-01T04:04:32.7642440Z ok - empty workflows directory fails closed
2026-10-01T04:04:32.7787208Z ok - explicit malformed workflow path fails validation
2026-10-01T04:04:32.7960292Z ok - non-mapping workflow YAML root fails
2026-10-01T04:04:32.8177744Z ok - missing actionlint fails closed
2026-10-01T04:04:32.8386636Z ok - fm-lint-workflows.sh refuses to lint under a non-pinned actionlint version
2026-10-01T04:04:32.9025190Z ok - actionlint installer retries a transient download failure
2026-10-01T04:04:33.1753607Z ok - actionlint installer selects the official archive, URL, and checksum per OS/arch
2026-10-01T04:04:33.2104371Z ok - actionlint installer rejects a wrong checksum
2026-10-01T04:04:33.2685354Z ok - actionlint installer falls back to shasum -a 256 when sha256sum is absent
2026-10-01T04:04:33.3182531Z ok - actionlint installer prefers sha256sum when both hashers are present
2026-10-01T04:04:33.3557462Z ok - actionlint installer rejects an unsupported OS or architecture
2026-10-01T04:04:33.4257400Z ok - fm-lint.sh default path catches a self-broken ci.yml
2026-10-01T04:04:33.4735483Z FM_TEST_END 2026-10-01T04:04:33Z tests/fm-lint-workflows.test.sh exit=0 duration_ms=854 gate_skip=false
2026-10-01T04:04:33.4953951Z FM_TEST_BEGIN 2026-10-01T04:04:33Z tests/fm-documentation-audiences.test.sh family=pure-contract-unit expected_gate_skip=none
2026-10-01T04:04:33.9187858Z ok - documentation inventory classifies every maintained prose surface exactly once
2026-10-01T04:04:34.1249538Z ok - classification, setup routing, and maintained-prose scope fail safely
2026-10-01T04:04:34.2038397Z ok - required documentation owner pointers cannot silently disappear
2026-10-01T04:04:34.3032969Z ok - local links resolve while dates, versions, commands, and incident prose remain semantically reviewed
2026-10-01T04:04:34.3368901Z FM_TEST_END 2026-10-01T04:04:34Z tests/fm-documentation-audiences.test.sh exit=0 duration_ms=833 gate_skip=false
2026-10-01T04:04:34.3607803Z FM_TEST_BEGIN 2026-10-01T04:04:34Z tests/fm-afk-pi-herdr-return-e2e.test.sh family=live-harness-optin expected_gate_skip=live-capability
2026-10-01T04:04:34.4495588Z skip: live: opt-in; set FM_AFK_PI_HERDR_E2E=1 to run
2026-10-01T04:04:34.5430311Z fm-test-run: gate skip: tests/fm-afk-pi-herdr-return-e2e.test.sh: live: opt-in; set FM_AFK_PI_HERDR_E2E=1 to run
2026-10-01T04:04:34.5431345Z FM_TEST_END 2026-10-01T04:04:34Z tests/fm-afk-pi-herdr-return-e2e.test.sh exit=0 duration_ms=169 gate_skip=true
2026-10-01T04:04:34.5655355Z FM_TEST_BEGIN 2026-10-01T04:04:34Z tests/fm-gitignore-config.test.sh family=standalone expected_gate_skip=none
2026-10-01T04:04:34.6068842Z ok - config/ is ignored as a directory, covering unlisted and nested paths
2026-10-01T04:04:34.6087503Z ok - an unrelated path outside config/ remains visible to git
2026-10-01T04:04:34.6156721Z ok - names starting with scratchpad are gitignored
2026-10-01T04:04:34.6176659Z ok - no currently tracked path starts with scratchpad
2026-10-01T04:04:34.6344214Z ok - scratchpad2/ does not make git status --porcelain dirty
2026-10-01T04:04:34.6634541Z FM_TEST_END 2026-10-01T04:04:34Z tests/fm-gitignore-config.test.sh exit=0 duration_ms=91 gate_skip=false
2026-10-01T04:04:34.6847778Z FM_TEST_BEGIN 2026-10-01T04:04:34Z tests/fm-backend-zellij-smoke.test.sh family=zellij expected_gate_skip=optional-binary
2026-10-01T04:04:34.7215765Z skip: zellij not found
2026-10-01T04:04:34.7905774Z fm-test-run: gate skip: tests/fm-backend-zellij-smoke.test.sh: zellij not found
2026-10-01T04:04:34.7906807Z FM_TEST_END 2026-10-01T04:04:34Z tests/fm-backend-zellij-smoke.test.sh exit=0 duration_ms=92 gate_skip=true
2026-10-01T04:04:34.8144132Z FM_TEST_BEGIN 2026-10-01T04:04:34Z tests/fm-muse-signals-live-e2e.test.sh family=live-harness-optin expected_gate_skip=live-capability
2026-10-01T04:04:34.9150179Z skip: live: opt-in; set FM_MUSE_SIGNALS_LIVE=1 to run
2026-10-01T04:04:34.9519889Z fm-test-run: gate skip: tests/fm-muse-signals-live-e2e.test.sh: live: opt-in; set FM_MUSE_SIGNALS_LIVE=1 to run
2026-10-01T04:04:34.9520642Z FM_TEST_END 2026-10-01T04:04:34Z tests/fm-muse-signals-live-e2e.test.sh exit=0 duration_ms=125 gate_skip=true
2026-10-01T04:04:34.9761010Z FM_TEST_BEGIN 2026-10-01T04:04:34Z tests/fm-cursor-primary-live-e2e.test.sh family=live-harness-optin expected_gate_skip=live-capability
2026-10-01T04:04:35.0602112Z skip: live: opt-in; set FM_CURSOR_PRIMARY_LIVE_E2E=1 to run
2026-10-01T04:04:35.0958048Z fm-test-run: gate skip: tests/fm-cursor-primary-live-e2e.test.sh: live: opt-in; set FM_CURSOR_PRIMARY_LIVE_E2E=1 to run
2026-10-01T04:04:35.0958846Z FM_TEST_END 2026-10-01T04:04:35Z tests/fm-cursor-primary-live-e2e.test.sh exit=0 duration_ms=109 gate_skip=true
2026-10-01T04:04:35.1183780Z FM_TEST_BEGIN 2026-10-01T04:04:35Z tests/fm-quota-array-dispatch-live-e2e.test.sh family=live-harness-optin expected_gate_skip=live-capability
2026-10-01T04:04:35.2007208Z skip: live: opt-in; set FM_QUOTA_ARRAY_DISPATCH_LIVE_E2E=1 to run
2026-10-01T04:04:35.2353960Z fm-test-run: gate skip: tests/fm-quota-array-dispatch-live-e2e.test.sh: live: opt-in; set FM_QUOTA_ARRAY_DISPATCH_LIVE_E2E=1 to run
2026-10-01T04:04:35.2355112Z FM_TEST_END 2026-10-01T04:04:35Z tests/fm-quota-array-dispatch-live-e2e.test.sh exit=0 duration_ms=106 gate_skip=true
2026-10-01T04:04:35.2548559Z FM_TEST_SUMMARY total=34 failed=1 skipped_gate=6 duration_ms=1489209
2026-10-01T04:04:35.2564287Z FM_TEST_SUMMARY_FAMILY family=backend-dispatch count=1 duration_ms=170574 failed=0
2026-10-01T04:04:35.2564794Z FM_TEST_SUMMARY_FAMILY family=cmux count=1 duration_ms=3477 failed=0
2026-10-01T04:04:35.2565682Z FM_TEST_SUMMARY_FAMILY family=live-harness-optin count=5 duration_ms=780 failed=0
2026-10-01T04:04:35.2566160Z FM_TEST_SUMMARY_FAMILY family=pr-forge count=1 duration_ms=394 failed=0
2026-10-01T04:04:35.2566627Z FM_TEST_SUMMARY_FAMILY family=pure-contract-unit count=5 duration_ms=72512 failed=0
2026-10-01T04:04:35.2567113Z FM_TEST_SUMMARY_FAMILY family=secondmate count=5 duration_ms=320873 failed=0
2026-10-01T04:04:35.2569808Z FM_TEST_SUMMARY_FAMILY family=session-bootstrap count=6 duration_ms=510014 failed=0
2026-10-01T04:04:35.2570333Z FM_TEST_SUMMARY_FAMILY family=snapshot-bearings count=1 duration_ms=103575 failed=0
2026-10-01T04:04:35.2571050Z FM_TEST_SUMMARY_FAMILY family=standalone count=4 duration_ms=128007 failed=0
2026-10-01T04:04:35.2571745Z FM_TEST_SUMMARY_FAMILY family=unclassified count=1 duration_ms=5324 failed=0
2026-10-01T04:04:35.2572470Z FM_TEST_SUMMARY_FAMILY family=watcher-wake-lock count=2 duration_ms=161852 failed=1
2026-10-01T04:04:35.2573191Z FM_TEST_SUMMARY_FAMILY family=zellij count=2 duration_ms=9241 failed=0
2026-10-01T04:04:35.2624659Z FM_TEST_SLOWEST rank=1 script=tests/fm-backlog-atomicity.test.sh duration_ms=198581
2026-10-01T04:04:35.2625319Z FM_TEST_SLOWEST rank=2 script=tests/fm-session-start.test.sh duration_ms=194433
2026-10-01T04:04:35.2626201Z FM_TEST_SLOWEST rank=3 script=tests/fm-control-relaunch.test.sh duration_ms=170574
2026-10-01T04:04:35.2626815Z FM_TEST_SLOWEST rank=4 script=tests/fm-secondmate-safety.test.sh duration_ms=169865
2026-10-01T04:04:35.2627408Z FM_TEST_SLOWEST rank=5 script=tests/fm-watcher-lock.test.sh duration_ms=134986
2026-10-01T04:04:35.2627997Z FM_TEST_SLOWEST rank=6 script=tests/fm-contributions.test.sh duration_ms=103575
2026-10-01T04:04:35.2628657Z FM_TEST_SLOWEST rank=7 script=tests/fm-remote-secondmate-trace-context.test.sh duration_ms=75862
2026-10-01T04:04:35.2629270Z FM_TEST_SLOWEST rank=8 script=tests/fm-startup-network.test.sh duration_ms=63599
2026-10-01T04:04:35.2629863Z FM_TEST_SLOWEST rank=9 script=tests/fm-classify-corr-token.test.sh duration_ms=63151
2026-10-01T04:04:35.2630454Z FM_TEST_SLOWEST rank=10 script=tests/fm-secondmate-sync.test.sh duration_ms=55577
2026-10-01T04:04:35.2631035Z FM_TEST_SLOWEST rank=11 script=tests/fm-vendor-auth-probe.test.sh duration_ms=46143
2026-10-01T04:04:35.2631593Z FM_TEST_SLOWEST rank=12 script=tests/fm-bootstrap.test.sh duration_ms=42383
2026-10-01T04:04:35.2632173Z FM_TEST_SLOWEST rank=13 script=tests/fm-voice-relay.test.sh duration_ms=34299
2026-10-01T04:04:35.2632817Z FM_TEST_SLOWEST rank=14 script=tests/fm-cursor-harness.test.sh duration_ms=30466
2026-10-01T04:04:35.2633617Z FM_TEST_SLOWEST rank=15 script=tests/fm-mail.test.sh duration_ms=26866
2026-10-01T04:04:35.2891343Z fm-test-run: wrote timing artifact: /home/runner/work/_temp/fm-test/fm-test-timing-portable-serial-5.json
2026-10-01T04:04:35.3052916Z ##[error]Process completed with exit code 1.
2026-10-01T04:04:35.3126336Z ##[group]Run actions/upload-artifact@v4
2026-10-01T04:04:35.3126592Z with:
2026-10-01T04:04:35.3126778Z   name: fm-test-timing-portable-serial-5
2026-10-01T04:04:35.3127109Z   path: /home/runner/work/_temp/fm-test/fm-test-timing-portable-serial-5.json
2026-10-01T04:04:35.3127438Z   if-no-files-found: warn
2026-10-01T04:04:35.3127636Z   compression-level: 6
2026-10-01T04:04:35.3127832Z   overwrite: false
2026-10-01T04:04:35.3128008Z   include-hidden-files: false
2026-10-01T04:04:35.3128199Z env:
2026-10-01T04:04:35.3128574Z   FM_PI_PACKAGE_DIR: /home/runner/work/firstmate/firstmate/.opencode/plugins/node_modules/@earendil-works/pi-coding-agent
2026-10-01T04:04:35.3129010Z ##[endgroup]
2026-10-01T04:04:35.4709248Z (node:786757) [DEP0040] DeprecationWarning: The `punycode` module is deprecated. Please use a userland alternative instead.
2026-10-01T04:04:35.4710185Z (Use `node --trace-deprecation ...` to show where the warning was created)
2026-10-01T04:04:35.4731150Z With the provided path, there will be 1 file uploaded
2026-10-01T04:04:35.4736059Z Artifact name is valid!
2026-10-01T04:04:35.4736770Z Root directory input is valid!
2026-10-01T04:04:35.6765989Z Beginning upload of artifact content to blob storage
2026-10-01T04:04:35.6918109Z (node:786757) [DEP0169] DeprecationWarning: `url.parse()` behavior is not standardized and prone to errors that have security implications. Use the WHATWG URL API instead. CVEs are not issued for `url.parse()` vulnerabilities.
2026-10-01T04:04:35.7260487Z Uploaded bytes 1652
2026-10-01T04:04:35.7429653Z Finished uploading artifact content to blob storage!
2026-10-01T04:04:35.7430559Z SHA256 digest of uploaded artifact zip is 849981399db09e5e099b747eaae2f5662ea59179c03cee61c418d2c0e7d3f9ba
2026-10-01T04:04:35.7432131Z Finalizing artifact upload
2026-10-01T04:04:35.9580848Z Artifact fm-test-timing-portable-serial-5.zip successfully finalized. Artifact ID 11139963698
2026-10-01T04:04:35.9581933Z Artifact fm-test-timing-portable-serial-5 has been successfully uploaded! Final size is 1652 bytes. Artifact ID is 11139963698
2026-10-01T04:04:35.9587714Z Artifact download URL: https://github.com/mdc2122/firstmate/actions/runs/36811522084/artifacts/11139963698
2026-10-01T04:04:35.9749145Z ##[group]Run actions/upload-artifact@v4
2026-10-01T04:04:35.9749396Z with:
2026-10-01T04:04:35.9749586Z   name: fm-provision-failure-serial-5
2026-10-01T04:04:35.9749907Z   path: /home/runner/work/_temp/fm-test/failure-evidence/provision-*.txt
2026-10-01T04:04:35.9750431Z   if-no-files-found: ignore
2026-10-01T04:04:35.9750640Z   compression-level: 6
2026-10-01T04:04:35.9750826Z   overwrite: false
2026-10-01T04:04:35.9751008Z   include-hidden-files: false
2026-10-01T04:04:35.9751207Z env:
2026-10-01T04:04:35.9751595Z   FM_PI_PACKAGE_DIR: /home/runner/work/firstmate/firstmate/.opencode/plugins/node_modules/@earendil-works/pi-coding-agent
2026-10-01T04:04:35.9752030Z ##[endgroup]
2026-10-01T04:04:36.1287114Z (node:786769) [DEP0040] DeprecationWarning: The `punycode` module is deprecated. Please use a userland alternative instead.
2026-10-01T04:04:36.1288161Z (Use `node --trace-deprecation ...` to show where the warning was created)
2026-10-01T04:04:36.1302638Z No files were found with the provided path: /home/runner/work/_temp/fm-test/failure-evidence/provision-*.txt. No artifacts will be uploaded.
2026-10-01T04:04:36.1560920Z Post job cleanup.
2026-10-01T04:04:36.2393164Z [command]/usr/bin/git version
2026-10-01T04:04:36.2437503Z git version 2.55.0
2026-10-01T04:04:36.2475795Z Temporarily overriding HOME='/home/runner/work/_temp/25c5126e-393e-4777-be4e-3e15190b16f4' before making global git config changes
2026-10-01T04:04:36.2476834Z Adding repository directory to the temporary git global config as a safe directory
2026-10-01T04:04:36.2481185Z [command]/usr/bin/git config --global --add safe.directory /home/runner/work/firstmate/firstmate
2026-10-01T04:04:36.2512469Z Removing SSH command configuration
2026-10-01T04:04:36.2519199Z [command]/usr/bin/git config --local --name-only --get-regexp core\.sshCommand
2026-10-01T04:04:36.2553396Z [command]/usr/bin/git submodule foreach --recursive sh -c "git config --local --name-only --get-regexp 'core\.sshCommand' && git config --local --unset-all 'core.sshCommand' || :"
2026-10-01T04:04:36.2782014Z Removing HTTP extra header
2026-10-01T04:04:36.2788016Z [command]/usr/bin/git config --local --name-only --get-regexp http\.https\:\/\/github\.com\/\.extraheader
2026-10-01T04:04:36.2824124Z [command]/usr/bin/git submodule foreach --recursive sh -c "git config --local --name-only --get-regexp 'http\.https\:\/\/github\.com\/\.extraheader' && git config --local --unset-all 'http.https://github.com/.extraheader' || :"
2026-10-01T04:04:36.3065551Z Removing includeIf entries pointing to credentials config files
2026-10-01T04:04:36.3073130Z [command]/usr/bin/git config --local --name-only --get-regexp ^includeIf\.gitdir:
2026-10-01T04:04:36.3100668Z includeif.gitdir:/home/runner/work/firstmate/firstmate/.git.path
2026-10-01T04:04:36.3101715Z includeif.gitdir:/home/runner/work/firstmate/firstmate/.git/worktrees/*.path
2026-10-01T04:04:36.3102706Z includeif.gitdir:/github/workspace/.git.path
2026-10-01T04:04:36.3103724Z includeif.gitdir:/github/workspace/.git/worktrees/*.path
2026-10-01T04:04:36.3110686Z [command]/usr/bin/git config --local --get-all includeif.gitdir:/home/runner/work/firstmate/firstmate/.git.path
2026-10-01T04:04:36.3134593Z /home/runner/work/_temp/git-credentials-00739f96-d5ab-4538-88c4-f57f71a7ba6b.config
2026-10-01T04:04:36.3151751Z [command]/usr/bin/git config --local --unset includeif.gitdir:/home/runner/work/firstmate/firstmate/.git.path /home/runner/work/_temp/git-credentials-00739f96-d5ab-4538-88c4-f57f71a7ba6b.config
2026-10-01T04:04:36.3188395Z [command]/usr/bin/git config --local --get-all includeif.gitdir:/home/runner/work/firstmate/firstmate/.git/worktrees/*.path
2026-10-01T04:04:36.3219294Z /home/runner/work/_temp/git-credentials-00739f96-d5ab-4538-88c4-f57f71a7ba6b.config
2026-10-01T04:04:36.3229032Z [command]/usr/bin/git config --local --unset includeif.gitdir:/home/runner/work/firstmate/firstmate/.git/worktrees/*.path /home/runner/work/_temp/git-credentials-00739f96-d5ab-4538-88c4-f57f71a7ba6b.config
2026-10-01T04:04:36.3267485Z [command]/usr/bin/git config --local --get-all includeif.gitdir:/github/workspace/.git.path
2026-10-01T04:04:36.3293234Z /github/runner_temp/git-credentials-00739f96-d5ab-4538-88c4-f57f71a7ba6b.config
2026-10-01T04:04:36.3301448Z [command]/usr/bin/git config --local --unset includeif.gitdir:/github/workspace/.git.path /github/runner_temp/git-credentials-00739f96-d5ab-4538-88c4-f57f71a7ba6b.config
2026-10-01T04:04:36.3346269Z [command]/usr/bin/git config --local --get-all includeif.gitdir:/github/workspace/.git/worktrees/*.path
2026-10-01T04:04:36.3371001Z /github/runner_temp/git-credentials-00739f96-d5ab-4538-88c4-f57f71a7ba6b.config
2026-10-01T04:04:36.3377656Z [command]/usr/bin/git config --local --unset includeif.gitdir:/github/workspace/.git/worktrees/*.path /github/runner_temp/git-credentials-00739f96-d5ab-4538-88c4-f57f71a7ba6b.config
2026-10-01T04:04:36.3414505Z [command]/usr/bin/git submodule foreach --recursive git config --local --show-origin --name-only --get-regexp remote.origin.url
2026-10-01T04:04:36.3641870Z Removing credentials config '/home/runner/work/_temp/git-credentials-00739f96-d5ab-4538-88c4-f57f71a7ba6b.config'
2026-10-01T04:04:36.3805977Z Cleaning up orphan processes
2026-10-01T04:04:36.4099254Z ##[warning]Node.js 20 is deprecated. The following actions target Node.js 20 but are being forced to run on Node.js 24: actions/upload-artifact@v4. For more information see: https://github.blog/changelog/2025-09-19-deprecation-of-node-20-on-github-actions-runners/
